id,pokemon_id,version_id,item_id,rarity
1,12,7,199,5
2,12,8,199,5
3,12,9,199,5
4,12,10,199,5
5,12,11,199,5
6,12,12,199,5
7,12,13,199,5
8,12,14,199,5
9,12,15,199,5
10,12,16,199,5
11,12,17,199,5
12,12,18,199,5
13,12,21,199,5
14,12,22,199,5
15,12,23,199,5
16,12,24,199,5
17,12,28,199,5
18,12,29,199,5
19,15,7,222,5
20,15,8,222,5
21,15,9,222,5
22,15,10,222,5
23,15,11,222,5
24,15,12,222,5
25,15,13,222,5
26,15,14,222,5
27,15,15,222,5
28,15,16,222,5
29,15,17,222,5
30,15,18,222,5
31,15,21,222,5
32,15,22,222,5
33,15,23,222,5
34,15,24,222,5
35,15,28,222,5
36,15,29,222,5
37,19,12,177,5
38,19,13,177,5
39,19,14,177,5
40,19,15,177,5
41,19,16,177,5
42,19,17,177,5
43,19,18,177,5
44,20,10,132,50
45,20,10,135,5
46,20,11,132,50
47,20,11,135,5
48,20,12,177,5
49,20,13,177,5
50,20,14,177,5
51,20,15,177,5
52,20,16,177,5
53,20,17,177,5
54,20,18,177,5
55,21,28,221,5
56,21,29,221,5
57,22,7,221,5
58,22,8,221,5
59,22,9,221,5
60,22,10,221,5
61,22,11,221,5
62,22,12,221,5
63,22,13,221,5
64,22,14,221,5
65,22,15,221,5
66,22,16,221,5
67,22,17,221,5
68,22,18,221,5
69,22,21,221,5
70,22,22,221,5
71,22,23,221,5
72,22,24,221,5
73,22,28,221,5
74,22,29,221,5
75,24,10,222,5
76,24,11,222,5
77,25,7,132,50
78,25,7,213,5
79,25,8,132,50
80,25,8,213,5
81,25,9,132,50
82,25,9,213,5
83,25,12,132,50
84,25,12,213,5
85,25,13,132,50
86,25,13,213,5
87,25,14,132,50
88,25,14,213,5
89,25,15,132,50
90,25,15,213,5
91,25,16,132,50
92,25,16,213,5
93,25,17,132,50
94,25,17,213,1
95,25,18,132,50
96,25,18,213,1
97,25,21,213,5
98,25,22,213,5
99,25,23,213,5
100,25,24,213,5
101,25,28,213,5
102,25,29,213,5
103,26,7,132,5
104,26,8,132,5
105,26,9,132,5
106,26,12,132,5
107,26,13,132,5
108,26,14,132,5
109,26,15,132,5
110,26,16,132,5
111,26,17,132,50
112,26,18,132,50
113,27,7,194,5
114,27,8,194,5
115,27,9,194,5
116,27,12,194,5
117,27,13,194,5
118,27,14,194,5
119,27,15,194,5
120,27,16,194,5
121,27,17,194,5
122,27,18,194,5
123,27,21,194,5
124,27,22,194,5
125,27,23,194,5
126,27,24,194,5
127,27,28,263,5
128,27,29,263,5
129,28,7,194,5
130,28,8,194,5
131,28,9,194,5
132,28,10,214,5
133,28,11,214,5
134,28,12,194,5
135,28,13,194,5
136,28,14,194,5
137,28,15,194,5
138,28,16,194,5
139,28,17,194,5
140,28,18,194,5
141,28,21,194,5
142,28,22,194,5
143,28,23,194,5
144,28,24,194,5
145,28,28,263,5
146,28,29,263,5
147,35,7,81,5
148,35,7,131,50
149,35,8,81,5
150,35,8,131,50
151,35,9,81,5
152,35,9,131,50
153,35,10,81,5
154,35,11,81,5
155,35,12,81,5
156,35,12,131,50
157,35,13,81,5
158,35,13,131,50
159,35,14,81,5
160,35,14,131,50
161,35,15,81,5
162,35,15,131,50
163,35,16,81,5
164,35,16,131,50
165,35,17,81,5
166,35,17,131,50
167,35,17,624,1
168,35,18,81,5
169,35,18,131,50
170,35,18,624,1
171,35,21,81,5
172,35,21,131,50
173,35,21,624,1
174,35,22,81,5
175,35,22,131,50
176,35,22,624,1
177,35,23,81,5
178,35,24,81,5
179,35,28,81,5
180,35,29,81,5
181,36,7,81,5
182,36,7,131,50
183,36,8,81,5
184,36,8,131,50
185,36,9,81,5
186,36,9,131,50
187,36,10,81,5
188,36,11,81,5
189,36,12,81,5
190,36,12,131,50
191,36,13,81,5
192,36,13,131,50
193,36,14,81,5
194,36,14,131,50
195,36,15,81,5
196,36,15,131,50
197,36,16,81,5
198,36,16,131,50
199,36,17,81,5
200,36,17,131,50
201,36,17,624,1
202,36,18,81,5
203,36,18,131,50
204,36,18,624,1
205,36,21,81,5
206,36,21,131,50
207,36,21,624,1
208,36,22,81,5
209,36,22,131,50
210,36,22,624,1
211,36,23,81,5
212,36,24,81,5
213,36,28,81,5
214,36,29,81,5
215,37,7,129,100
216,37,8,129,100
217,37,9,129,100
218,37,10,129,50
219,37,11,129,50
220,37,12,129,100
221,37,13,129,100
222,37,14,129,100
223,37,15,129,100
224,37,16,129,100
225,37,17,129,100
226,37,18,129,100
227,37,21,129,100
228,37,22,129,100
229,37,28,226,5
230,37,29,226,5
231,38,7,129,100
232,38,8,129,100
233,38,9,129,100
234,38,10,129,50
235,38,11,129,50
236,38,12,129,100
237,38,13,129,100
238,38,14,129,100
239,38,15,129,100
240,38,16,129,100
241,38,17,129,100
242,38,18,129,100
243,38,21,129,100
244,38,22,129,100
245,38,28,226,5
246,38,29,226,5
247,39,10,132,50
248,39,11,132,50
249,39,28,81,5
250,39,29,81,5
251,40,10,132,50
252,40,11,132,50
253,40,28,81,5
254,40,29,81,5
255,43,28,588,5
256,43,29,588,5
257,44,28,588,5
258,44,29,588,5
259,45,28,588,5
260,45,29,588,5
261,46,7,86,50
262,46,7,87,5
263,46,8,86,50
264,46,8,87,5
265,46,9,86,50
266,46,9,87,5
267,46,10,86,50
268,46,10,87,5
269,46,11,86,50
270,46,11,87,5
271,46,12,86,50
272,46,12,87,5
273,46,13,86,50
274,46,13,87,5
275,46,14,86,50
276,46,14,87,5
277,46,15,86,50
278,46,15,87,5
279,46,16,86,50
280,46,16,87,5
281,46,17,86,50
282,46,17,87,5
283,46,17,621,1
284,46,18,86,50
285,46,18,87,5
286,46,18,621,1
287,46,21,86,50
288,46,21,87,5
289,46,21,621,1
290,46,22,86,50
291,46,22,87,5
292,46,22,621,1
293,46,23,86,50
294,46,23,87,5
295,46,24,86,50
296,46,24,87,5
297,46,28,86,50
298,46,28,87,5
299,46,29,86,50
300,46,29,87,5
301,47,7,86,50
302,47,7,87,5
303,47,8,86,50
304,47,8,87,5
305,47,9,86,50
306,47,9,87,5
307,47,10,86,50
308,47,10,87,5
309,47,11,86,50
310,47,11,87,5
311,47,12,86,50
312,47,12,87,5
313,47,13,86,50
314,47,13,87,5
315,47,14,86,50
316,47,14,87,5
317,47,15,86,50
318,47,15,87,5
319,47,16,86,50
320,47,16,87,5
321,47,17,86,50
322,47,17,87,5
323,47,17,621,1
324,47,18,86,50
325,47,18,87,5
326,47,18,621,1
327,47,21,86,50
328,47,21,87,5
329,47,21,621,1
330,47,22,86,50
331,47,22,87,5
332,47,22,621,1
333,47,23,86,50
334,47,23,87,5
335,47,24,86,50
336,47,24,87,5
337,47,28,86,50
338,47,28,87,5
339,47,29,86,50
340,47,29,87,5
341,49,10,199,5
342,49,11,199,5
343,49,12,272,5
344,49,13,272,5
345,49,14,272,5
346,49,15,272,5
347,49,16,272,5
348,49,17,272,5
349,49,18,272,5
350,49,21,272,5
351,49,22,272,5
352,49,23,272,5
353,49,24,272,5
354,49,28,272,5
355,49,29,272,5
356,50,12,214,5
357,50,13,214,5
358,50,14,214,5
359,50,15,214,5
360,50,16,214,5
361,50,17,214,5
362,50,18,214,5
363,50,21,214,5
364,50,22,214,5
365,50,23,214,5
366,50,24,214,5
367,50,28,214,5
368,50,29,214,5
369,51,12,214,5
370,51,13,214,5
371,51,14,214,5
372,51,15,214,5
373,51,16,214,5
374,51,17,214,5
375,51,18,214,5
376,51,21,214,5
377,51,22,214,5
378,51,23,214,5
379,51,24,214,5
380,51,28,214,5
381,51,29,214,5
382,52,10,92,5
383,52,11,92,5
384,52,12,194,5
385,52,13,194,5
386,52,14,194,5
387,52,15,194,5
388,52,16,194,5
389,52,17,194,5
390,52,18,194,5
391,52,21,194,5
392,52,22,194,5
393,52,23,194,5
394,52,24,194,5
395,52,28,194,5
396,52,29,194,5
397,53,12,194,5
398,53,13,194,5
399,53,14,194,5
400,53,15,194,5
401,53,16,194,5
402,53,17,194,5
403,53,18,194,5
404,53,21,194,5
405,53,22,194,5
406,53,23,194,5
407,53,24,194,5
408,53,28,194,5
409,53,29,194,5
410,56,12,170,5
411,56,13,170,5
412,56,14,170,5
413,56,15,170,5
414,56,16,170,5
415,56,17,170,5
416,56,18,170,5
417,56,21,170,5
418,56,22,170,5
419,57,12,170,5
420,57,13,170,5
421,57,14,170,5
422,57,15,170,5
423,57,16,170,5
424,57,17,170,5
425,57,18,170,5
426,57,21,170,5
427,57,22,170,5
428,58,7,129,100
429,58,8,129,100
430,58,9,129,100
431,58,10,129,50
432,58,11,129,50
433,58,12,129,100
434,58,13,129,100
435,58,14,129,100
436,58,15,129,100
437,58,16,129,100
438,58,17,129,100
439,58,18,129,100
440,58,21,129,50
441,58,22,129,50
442,59,7,129,100
443,59,8,129,100
444,59,9,129,100
445,59,10,129,50
446,59,11,129,50
447,59,12,129,100
448,59,13,129,100
449,59,14,129,100
450,59,15,129,100
451,59,16,129,100
452,59,17,129,100
453,59,18,129,100
454,59,21,129,50
455,59,22,129,50
456,61,7,198,5
457,61,8,198,5
458,61,9,198,5
459,61,12,198,5
460,61,13,198,5
461,61,14,198,5
462,61,15,198,5
463,61,16,198,5
464,61,17,198,5
465,61,18,198,5
466,61,21,198,5
467,61,22,198,5
468,61,23,198,5
469,61,24,198,5
470,61,28,198,5
471,61,29,198,5
472,62,7,198,5
473,62,8,198,5
474,62,9,198,5
475,62,12,198,5
476,62,13,198,5
477,62,14,198,5
478,62,15,198,5
479,62,16,198,5
480,62,17,198,5
481,62,18,198,5
482,62,21,198,5
483,62,22,198,5
484,62,23,198,5
485,62,24,198,5
486,62,28,198,5
487,62,29,198,5
488,63,7,225,5
489,63,8,225,5
490,63,9,225,5
491,63,10,225,5
492,63,11,225,5
493,63,12,225,5
494,63,13,225,5
495,63,14,225,5
496,63,15,225,5
497,63,16,225,5
498,63,17,225,5
499,63,18,225,5
500,63,21,225,5
501,63,22,225,5
502,63,23,225,5
503,63,24,225,5
504,63,28,225,5
505,63,29,225,5
506,64,7,225,5
507,64,8,225,5
508,64,9,225,5
509,64,10,225,5
510,64,11,225,5
511,64,12,225,5
512,64,13,225,5
513,64,14,225,5
514,64,15,225,5
515,64,16,225,5
516,64,17,225,5
517,64,18,225,5
518,64,21,225,5
519,64,22,225,5
520,64,23,225,5
521,64,24,225,5
522,64,28,225,5
523,64,29,225,5
524,65,7,225,5
525,65,8,225,5
526,65,9,225,5
527,65,10,225,5
528,65,11,225,5
529,65,12,225,5
530,65,13,225,5
531,65,14,225,5
532,65,15,225,5
533,65,16,225,5
534,65,17,225,5
535,65,18,225,5
536,65,21,225,5
537,65,22,225,5
538,65,23,225,5
539,65,24,225,5
540,65,28,225,5
541,65,29,225,5
542,66,28,207,5
543,66,29,207,5
544,67,10,207,5
545,67,11,207,5
546,67,28,207,5
547,67,29,207,5
548,68,10,207,5
549,68,11,207,5
550,68,28,207,5
551,68,29,207,5
552,72,12,222,5
553,72,13,222,5
554,72,14,222,5
555,72,15,222,5
556,72,16,222,5
557,72,17,222,5
558,72,18,222,5
559,72,21,222,5
560,72,22,222,5
561,72,23,222,5
562,72,24,222,5
563,72,28,222,5
564,72,29,222,5
565,73,12,222,5
566,73,13,222,5
567,73,14,222,5
568,73,15,222,5
569,73,16,222,5
570,73,17,222,5
571,73,18,222,5
572,73,21,222,5
573,73,22,222,5
574,73,23,222,5
575,73,24,222,5
576,73,28,222,5
577,73,29,222,5
578,74,7,206,5
579,74,8,206,5
580,74,9,206,5
581,74,12,206,5
582,74,13,206,5
583,74,14,206,5
584,74,15,206,5
585,74,16,206,5
586,74,17,206,5
587,74,18,206,5
588,74,21,206,5
589,74,22,206,5
590,74,23,206,5
591,74,24,206,5
592,74,28,206,5
593,74,29,206,5
594,75,7,206,5
595,75,8,206,5
596,75,9,206,5
597,75,10,215,5
598,75,11,215,5
599,75,12,206,5
600,75,13,206,5
601,75,14,206,5
602,75,15,206,5
603,75,16,206,5
604,75,17,206,5
605,75,18,206,5
606,75,21,206,5
607,75,22,206,5
608,75,23,206,5
609,75,24,206,5
610,75,28,206,5
611,75,29,206,5
612,76,7,206,5
613,76,8,206,5
614,76,9,206,5
615,76,10,215,5
616,76,11,215,5
617,76,12,206,5
618,76,13,206,5
619,76,14,206,5
620,76,15,206,5
621,76,16,206,5
622,76,17,206,5
623,76,18,206,5
624,76,21,206,5
625,76,22,206,5
626,76,23,206,5
627,76,24,206,5
628,76,28,206,5
629,76,29,206,5
630,77,12,168,5
631,77,13,168,5
632,77,14,168,5
633,77,15,168,5
634,77,16,168,5
635,77,17,168,5
636,77,18,168,5
637,77,21,168,5
638,77,22,168,5
639,78,12,168,5
640,78,13,168,5
641,78,14,168,5
642,78,15,168,5
643,78,16,168,5
644,78,17,168,5
645,78,18,168,5
646,78,21,168,5
647,78,22,168,5
648,79,7,198,5
649,79,8,198,5
650,79,9,198,5
651,79,12,256,5
652,79,13,256,5
653,79,14,256,5
654,79,15,256,5
655,79,16,256,5
656,79,17,256,5
657,79,18,256,5
658,79,21,256,5
659,79,22,256,5
660,79,23,256,5
661,79,24,256,5
662,79,28,256,5
663,79,29,256,5
664,80,7,198,5
665,80,8,198,5
666,80,9,198,5
667,80,12,198,5
668,80,13,198,5
669,80,14,198,5
670,80,15,198,5
671,80,16,198,5
672,80,17,198,5
673,80,18,198,5
674,80,21,198,5
675,80,22,198,5
676,80,23,198,5
677,80,24,198,5
678,80,28,198,5
679,80,29,198,5
680,81,7,210,5
681,81,8,210,5
682,81,9,210,5
683,81,12,210,5
684,81,13,210,5
685,81,14,210,5
686,81,15,210,5
687,81,16,210,5
688,81,17,210,5
689,81,18,210,5
690,81,21,210,5
691,81,22,210,5
692,81,23,210,5
693,81,24,210,5
694,81,28,210,5
695,81,29,210,5
696,82,7,210,5
697,82,8,210,5
698,82,9,210,5
699,82,10,219,5
700,82,11,219,5
701,82,12,210,5
702,82,13,210,5
703,82,14,210,5
704,82,15,210,5
705,82,16,210,5
706,82,17,210,5
707,82,18,210,5
708,82,21,210,5
709,82,22,210,5
710,82,23,210,5
711,82,24,210,5
712,82,28,210,5
713,82,29,210,5
714,83,7,236,5
715,83,8,236,5
716,83,9,236,5
717,83,10,236,5
718,83,11,236,5
719,83,12,236,5
720,83,13,236,5
721,83,14,236,5
722,83,15,236,5
723,83,16,236,5
724,83,17,236,5
725,83,18,236,5
726,83,21,236,5
727,83,22,236,5
728,83,23,236,5
729,83,24,236,5
730,83,28,236,5
731,83,29,236,5
732,84,7,221,5
733,84,8,221,5
734,84,9,221,5
735,84,12,221,5
736,84,13,221,5
737,84,14,221,5
738,84,15,221,5
739,84,16,221,5
740,84,17,221,5
741,84,18,221,5
742,84,21,221,5
743,84,22,221,5
744,84,23,221,5
745,84,24,221,5
746,84,28,221,5
747,84,29,221,5
748,85,7,221,5
749,85,8,221,5
750,85,9,221,5
751,85,10,221,5
752,85,11,221,5
753,85,12,221,5
754,85,13,221,5
755,85,14,221,5
756,85,15,221,5
757,85,16,221,5
758,85,17,221,5
759,85,18,221,5
760,85,21,221,5
761,85,22,221,5
762,85,23,221,5
763,85,24,221,5
764,85,28,221,5
765,85,29,221,5
766,86,10,130,50
767,86,11,130,50
768,87,10,130,50
769,87,10,223,5
770,87,11,130,50
771,87,11,223,5
772,88,7,92,5
773,88,8,92,5
774,88,9,92,5
775,88,12,92,5
776,88,13,92,5
777,88,14,92,5
778,88,15,92,5
779,88,16,92,5
780,88,17,92,5
781,88,18,92,5
782,88,21,258,5
783,88,22,258,5
784,88,23,258,5
785,88,24,258,5
786,88,28,258,5
787,88,29,258,5
788,89,7,92,5
789,89,8,92,5
790,89,9,92,5
791,89,12,92,5
792,89,13,92,5
793,89,14,92,5
794,89,15,92,5
795,89,16,92,5
796,89,17,92,5
797,89,18,92,5
798,89,21,249,1
799,89,21,258,50
800,89,22,249,1
801,89,22,258,50
802,89,23,258,50
803,89,24,258,50
804,89,28,258,50
805,89,29,258,50
806,90,7,88,50
807,90,7,89,5
808,90,8,88,50
809,90,8,89,5
810,90,9,88,50
811,90,9,89,5
812,90,10,88,50
813,90,10,89,5
814,90,11,88,50
815,90,11,89,5
816,90,12,88,50
817,90,12,89,5
818,90,13,88,50
819,90,13,89,5
820,90,14,88,50
821,90,14,89,5
822,90,15,88,50
823,90,15,89,5
824,90,16,88,50
825,90,16,89,5
826,90,17,88,50
827,90,17,89,5
828,90,18,88,50
829,90,18,89,5
830,90,21,88,50
831,90,21,89,5
832,90,22,88,50
833,90,22,89,5
834,90,23,88,50
835,90,23,89,5
836,90,24,88,50
837,90,24,89,5
838,90,28,88,50
839,90,28,89,5
840,90,29,88,50
841,90,29,89,5
842,91,7,88,50
843,91,7,89,5
844,91,8,88,50
845,91,8,89,5
846,91,9,88,50
847,91,9,89,5
848,91,10,88,50
849,91,10,89,5
850,91,11,88,50
851,91,11,89,5
852,91,12,88,50
853,91,12,89,5
854,91,13,88,50
855,91,13,89,5
856,91,14,88,50
857,91,14,89,5
858,91,15,88,50
859,91,15,89,5
860,91,16,88,50
861,91,16,89,5
862,91,17,88,50
863,91,17,89,5
864,91,18,88,50
865,91,18,89,5
866,91,21,88,50
867,91,21,89,5
868,91,22,88,50
869,91,22,89,5
870,91,23,88,50
871,91,23,89,5
872,91,24,88,50
873,91,24,89,5
874,91,28,88,50
875,91,28,89,5
876,91,29,88,50
877,91,29,89,5
878,93,10,224,5
879,93,11,224,5
880,94,10,224,5
881,94,11,224,5
882,95,10,215,5
883,95,11,215,5
884,102,28,899,5
885,102,29,899,5
886,104,7,235,5
887,104,8,235,5
888,104,9,235,5
889,104,10,235,5
890,104,11,235,5
891,104,12,235,5
892,104,13,235,5
893,104,14,235,5
894,104,15,235,5
895,104,16,235,5
896,104,17,235,5
897,104,18,235,5
898,104,21,235,5
899,104,22,235,5
900,104,23,235,5
901,104,24,235,5
902,104,28,235,5
903,104,29,235,5
904,105,7,235,5
905,105,8,235,5
906,105,9,235,5
907,105,10,235,5
908,105,11,235,5
909,105,12,235,5
910,105,13,235,5
911,105,14,235,5
912,105,15,235,5
913,105,16,235,5
914,105,17,235,5
915,105,18,235,5
916,105,21,235,5
917,105,22,235,5
918,105,23,235,5
919,105,24,235,5
920,105,28,235,5
921,105,29,235,5
922,108,12,256,5
923,108,13,256,5
924,108,14,256,5
925,108,15,256,5
926,108,16,256,5
927,108,17,256,5
928,108,18,256,5
929,108,21,256,5
930,108,22,256,5
931,108,23,256,5
932,108,24,256,5
933,108,28,256,5
934,108,29,256,5
935,109,7,205,5
936,109,8,205,5
937,109,9,205,5
938,109,12,205,5
939,109,13,205,5
940,109,14,205,5
941,109,15,205,5
942,109,16,205,5
943,109,17,205,5
944,109,18,205,5
945,109,21,205,5
946,109,22,205,5
947,109,23,205,5
948,109,24,205,5
949,109,28,205,5
950,109,29,205,5
951,110,7,205,5
952,110,8,205,5
953,110,9,205,5
954,110,12,205,5
955,110,13,205,5
956,110,14,205,5
957,110,15,205,5
958,110,16,205,5
959,110,17,205,5
960,110,18,205,5
961,110,21,205,5
962,110,22,205,5
963,110,23,205,5
964,110,24,205,5
965,110,28,205,5
966,110,29,205,5
967,113,7,208,5
968,113,8,208,5
969,113,9,208,5
970,113,10,208,5
971,113,11,208,5
972,113,12,110,50
973,113,12,208,5
974,113,13,110,50
975,113,13,208,5
976,113,14,110,50
977,113,14,208,5
978,113,15,110,50
979,113,15,208,5
980,113,16,110,50
981,113,16,208,5
982,113,17,208,5
983,113,17,233,50
984,113,18,208,5
985,113,18,233,50
986,113,21,208,5
987,113,21,233,50
988,113,22,208,5
989,113,22,233,50
990,113,23,208,5
991,113,23,233,50
992,113,24,208,5
993,113,24,233,50
994,113,28,233,50
995,113,29,233,50
996,116,7,212,5
997,116,8,212,5
998,116,9,212,5
999,116,12,212,5
1000,116,13,212,5
1001,116,14,212,5
1002,116,15,212,5
1003,116,16,212,5
1004,116,17,212,5
1005,116,18,212,5
1006,116,21,212,5
1007,116,22,212,5
1008,116,23,212,5
1009,116,24,212,5
1010,116,28,212,5
1011,116,29,212,5
1012,117,7,212,5
1013,117,8,212,5
1014,117,9,212,5
1015,117,12,212,5
1016,117,13,212,5
1017,117,14,212,5
1018,117,15,212,5
1019,117,16,212,5
1020,117,17,212,5
1021,117,18,212,5
1022,117,21,212,5
1023,117,22,212,5
1024,117,23,212,5
1025,117,24,212,5
1026,117,28,212,5
1027,117,29,212,5
1028,118,28,220,5
1029,118,29,220,5
1030,119,28,220,5
1031,119,29,220,5
1032,120,7,90,50
1033,120,7,91,5
1034,120,8,90,50
1035,120,8,91,5
1036,120,9,90,50
1037,120,9,91,5
1038,120,10,90,50
1039,120,10,91,5
1040,120,11,90,50
1041,120,11,91,5
1042,120,12,90,50
1043,120,12,91,5
1044,120,13,90,50
1045,120,13,91,5
1046,120,14,90,50
1047,120,14,91,5
1048,120,15,90,50
1049,120,15,91,5
1050,120,16,90,50
1051,120,16,91,5
1052,120,17,90,50
1053,120,17,91,5
1054,120,18,90,50
1055,120,18,91,5
1056,120,21,90,50
1057,120,21,91,5
1058,120,22,90,50
1059,120,22,91,5
1060,120,23,90,50
1061,120,23,91,5
1062,120,24,90,50
1063,120,24,91,5
1064,120,28,90,50
1065,120,28,91,5
1066,120,29,90,50
1067,120,29,91,5
1068,121,7,90,50
1069,121,7,91,5
1070,121,8,90,50
1071,121,8,91,5
1072,121,9,90,50
1073,121,9,91,5
1074,121,10,90,50
1075,121,10,91,5
1076,121,11,90,50
1077,121,11,91,5
1078,121,12,90,50
1079,121,12,91,5
1080,121,13,90,50
1081,121,13,91,5
1082,121,14,90,50
1083,121,14,91,5
1084,121,15,90,50
1085,121,15,91,5
1086,121,16,90,50
1087,121,16,91,5
1088,121,17,90,50
1089,121,17,91,5
1090,121,18,90,50
1091,121,18,91,5
1092,121,21,90,50
1093,121,21,91,5
1094,121,22,90,50
1095,121,22,91,5
1096,121,23,90,50
1097,121,23,91,5
1098,121,24,90,50
1099,121,24,91,5
1100,121,28,90,50
1101,121,28,91,5
1102,121,29,90,50
1103,121,29,91,5
1104,122,7,131,5
1105,122,8,131,5
1106,122,9,131,5
1107,122,12,131,5
1108,122,13,131,5
1109,122,14,131,5
1110,122,15,131,5
1111,122,16,131,5
1112,122,17,131,5
1113,122,18,131,5
1114,124,7,130,100
1115,124,8,130,100
1116,124,9,130,100
1117,124,12,130,100
1118,124,13,130,100
1119,124,14,130,100
1120,124,15,130,100
1121,124,16,130,100
1122,124,17,130,100
1123,124,18,130,100
1124,124,21,130,100
1125,124,22,130,100
1126,125,12,299,50
1127,125,13,299,5
1128,125,14,299,50
1129,125,28,299,5
1130,125,29,299,5
1131,126,7,129,100
1132,126,8,129,100
1133,126,9,129,100
1134,126,12,300,5
1135,126,13,300,50
1136,126,14,300,50
1137,126,28,300,5
1138,126,29,300,5
1139,131,23,220,100
1140,131,24,220,100
1141,131,28,220,5
1142,131,29,220,5
1143,132,7,234,5
1144,132,8,234,5
1145,132,9,234,5
1146,132,10,234,5
1147,132,11,234,5
1148,132,12,234,5
1149,132,12,251,50
1150,132,13,234,5
1151,132,13,251,50
1152,132,14,234,5
1153,132,14,251,50
1154,132,15,234,5
1155,132,15,251,50
1156,132,16,234,5
1157,132,16,251,50
1158,132,17,234,5
1159,132,17,251,50
1160,132,18,234,5
1161,132,18,251,50
1162,132,21,234,5
1163,132,21,251,50
1164,132,22,234,5
1165,132,22,251,50
1166,132,23,234,5
1167,132,23,251,50
1168,132,24,234,5
1169,132,24,251,50
1170,132,28,234,5
1171,132,28,251,50
1172,132,29,234,5
1173,132,29,251,50
1174,143,7,211,100
1175,143,8,211,100
1176,143,9,211,100
1177,143,10,127,100
1178,143,11,127,100
1179,143,12,211,100
1180,143,13,211,100
1181,143,14,211,100
1182,143,15,211,100
1183,143,16,211,100
1184,143,17,211,100
1185,143,18,211,100
1186,143,21,211,100
1187,143,22,211,100
1188,143,23,211,100
1189,143,24,211,100
1190,143,28,211,5
1191,143,29,211,5
1192,147,7,212,5
1193,147,8,212,5
1194,147,9,212,5
1195,147,12,212,5
1196,147,13,212,5
1197,147,14,212,5
1198,147,15,212,5
1199,147,16,212,5
1200,147,17,212,5
1201,147,18,212,5
1202,147,21,212,5
1203,147,22,212,5
1204,147,23,212,5
1205,147,24,212,5
1206,147,28,212,5
1207,147,29,212,5
1208,148,7,212,5
1209,148,8,212,5
1210,148,9,212,5
1211,148,10,227,5
1212,148,11,227,5
1213,148,12,212,5
1214,148,13,212,5
1215,148,14,212,5
1216,148,15,212,5
1217,148,16,212,5
1218,148,17,212,5
1219,148,18,212,5
1220,148,21,212,5
1221,148,22,212,5
1222,148,23,212,5
1223,148,24,212,5
1224,148,28,212,5
1225,148,29,212,5
1226,149,7,212,5
1227,149,8,212,5
1228,149,9,212,5
1229,149,10,227,5
1230,149,11,227,5
1231,149,12,212,5
1232,149,13,212,5
1233,149,14,212,5
1234,149,15,212,5
1235,149,16,212,5
1236,149,17,212,5
1237,149,18,212,5
1238,149,21,212,5
1239,149,22,212,5
1240,149,23,212,5
1241,149,24,212,5
1242,149,28,212,5
1243,149,29,212,5
1244,151,7,134,100
1245,151,8,134,100
1246,151,9,134,100
1247,151,12,134,100
1248,151,13,134,100
1249,151,14,134,100
1250,151,15,134,100
1251,151,16,134,100
1252,151,17,134,100
1253,151,18,134,100
1254,151,21,134,100
1255,151,22,134,100
1256,151,23,134,100
1257,151,24,134,100
1258,151,28,134,5
1259,151,29,134,5
1260,152,10,134,100
1261,152,11,134,100
1262,161,7,132,5
1263,161,8,132,5
1264,161,9,132,5
1265,161,10,132,5
1266,161,11,132,5
1267,161,12,132,5
1268,161,13,132,5
1269,161,14,132,5
1270,161,15,132,5
1271,161,16,132,5
1272,161,17,132,5
1273,161,18,132,5
1274,161,21,132,5
1275,161,22,132,5
1276,162,7,132,50
1277,162,7,135,5
1278,162,8,132,50
1279,162,8,135,5
1280,162,9,132,50
1281,162,9,135,5
1282,162,10,132,50
1283,162,10,135,5
1284,162,11,132,50
1285,162,11,135,5
1286,162,12,132,50
1287,162,12,135,5
1288,162,13,132,50
1289,162,13,135,5
1290,162,14,132,50
1291,162,14,135,5
1292,162,15,132,50
1293,162,15,135,5
1294,162,16,132,50
1295,162,16,135,5
1296,162,17,132,50
1297,162,17,135,5
1298,162,18,132,50
1299,162,18,135,5
1300,162,21,132,50
1301,162,21,135,5
1302,162,22,132,50
1303,162,22,135,5
1304,170,7,74,5
1305,170,8,74,5
1306,170,9,74,5
1307,170,10,74,5
1308,170,11,74,5
1309,170,12,204,5
1310,170,13,204,5
1311,170,14,204,5
1312,170,15,204,5
1313,170,16,204,5
1314,170,17,204,5
1315,170,18,204,5
1316,170,21,204,5
1317,170,22,204,5
1318,170,23,204,5
1319,170,24,204,5
1320,170,28,204,5
1321,170,29,204,5
1322,171,7,74,5
1323,171,8,74,5
1324,171,9,74,5
1325,171,10,74,5
1326,171,11,74,5
1327,171,12,204,5
1328,171,13,204,5
1329,171,14,204,5
1330,171,15,204,5
1331,171,16,204,5
1332,171,17,204,5
1333,171,18,204,5
1334,171,21,204,5
1335,171,22,204,5
1336,171,23,204,5
1337,171,24,204,5
1338,171,28,204,5
1339,171,29,204,5
1340,172,7,132,5
1341,172,8,132,5
1342,172,9,132,5
1343,172,12,132,5
1344,172,13,132,5
1345,172,14,132,5
1346,172,15,132,5
1347,172,16,132,5
1348,172,17,132,50
1349,172,18,132,50
1350,173,7,81,5
1351,173,7,131,50
1352,173,8,81,5
1353,173,8,131,50
1354,173,9,81,5
1355,173,9,131,50
1356,173,10,81,5
1357,173,11,81,5
1358,173,12,81,5
1359,173,12,131,50
1360,173,13,81,5
1361,173,13,131,50
1362,173,14,81,5
1363,173,14,131,50
1364,173,15,81,5
1365,173,15,131,50
1366,173,16,81,5
1367,173,16,131,50
1368,173,17,81,5
1369,173,17,131,50
1370,173,17,624,1
1371,173,18,81,5
1372,173,18,131,50
1373,173,18,624,1
1374,173,21,81,5
1375,173,21,131,50
1376,173,21,624,1
1377,173,22,81,5
1378,173,22,131,50
1379,173,22,624,1
1380,173,23,81,5
1381,173,24,81,5
1382,173,28,81,5
1383,173,29,81,5
1384,174,10,132,50
1385,174,11,132,50
1386,182,28,588,5
1387,182,29,588,5
1388,186,7,198,5
1389,186,8,198,5
1390,186,9,198,5
1391,186,10,198,5
1392,186,11,198,5
1393,186,12,198,5
1394,186,13,198,5
1395,186,14,198,5
1396,186,15,198,5
1397,186,16,198,5
1398,186,17,198,5
1399,186,18,198,5
1400,186,21,198,5
1401,186,22,198,5
1402,186,23,198,5
1403,186,24,198,5
1404,186,28,198,5
1405,186,29,198,5
1406,191,12,169,5
1407,191,13,169,5
1408,191,14,169,5
1409,191,15,169,5
1410,191,16,169,5
1411,191,17,169,5
1412,191,18,169,5
1413,193,12,242,5
1414,193,13,242,5
1415,193,14,242,5
1416,193,15,242,5
1417,193,16,242,5
1418,193,17,242,5
1419,193,18,242,5
1420,193,21,242,5
1421,193,22,242,5
1422,193,23,242,5
1423,193,24,242,5
1424,193,28,242,5
1425,193,29,242,5
1426,199,7,198,5
1427,199,8,198,5
1428,199,9,198,5
1429,199,10,198,5
1430,199,11,198,5
1431,199,12,198,5
1432,199,13,198,5
1433,199,14,198,5
1434,199,15,198,5
1435,199,16,198,5
1436,199,17,198,5
1437,199,18,198,5
1438,199,21,198,5
1439,199,22,198,5
1440,199,23,198,5
1441,199,24,198,5
1442,199,28,198,5
1443,199,29,198,5
1444,200,7,224,5
1445,200,8,224,5
1446,200,9,224,5
1447,200,10,224,5
1448,200,11,224,5
1449,203,7,133,5
1450,203,8,133,5
1451,203,9,133,5
1452,203,10,133,5
1453,203,11,133,5
1454,203,12,133,5
1455,203,13,133,5
1456,203,14,133,5
1457,203,15,133,5
1458,203,16,133,5
1459,203,17,133,5
1460,203,18,133,5
1461,203,21,133,5
1462,203,22,133,5
1463,208,7,210,5
1464,208,8,210,5
1465,208,9,210,5
1466,208,10,210,5
1467,208,11,210,5
1468,208,12,210,5
1469,208,13,210,5
1470,208,14,210,5
1471,208,15,210,5
1472,208,16,210,5
1473,208,17,210,5
1474,208,18,210,5
1475,208,21,210,5
1476,208,22,210,5
1477,208,23,210,5
1478,208,24,210,5
1479,208,28,210,5
1480,208,29,210,5
1481,211,12,222,5
1482,211,13,222,5
1483,211,14,222,5
1484,211,15,222,5
1485,211,16,222,5
1486,211,17,222,5
1487,211,18,222,5
1488,211,21,222,5
1489,211,22,222,5
1490,211,23,222,5
1491,211,24,222,5
1492,211,28,222,5
1493,211,29,222,5
1494,213,7,132,100
1495,213,8,132,100
1496,213,9,132,100
1497,213,10,43,100
1498,213,11,43,100
1499,213,12,132,100
1500,213,13,132,100
1501,213,14,132,100
1502,213,15,43,100
1503,213,16,43,100
1504,213,17,43,100
1505,213,18,43,100
1506,213,21,43,100
1507,213,22,43,100
1508,213,23,43,100
1509,213,24,43,100
1510,213,28,43,5
1511,213,29,43,5
1512,215,7,194,5
1513,215,8,194,5
1514,215,9,194,5
1515,215,12,194,5
1516,215,12,263,50
1517,215,13,194,5
1518,215,13,263,50
1519,215,14,194,5
1520,215,14,263,50
1521,215,15,194,5
1522,215,15,263,50
1523,215,16,194,5
1524,215,16,263,50
1525,215,17,194,5
1526,215,17,263,50
1527,215,18,194,5
1528,215,18,263,50
1529,215,21,194,5
1530,215,21,263,50
1531,215,22,194,5
1532,215,22,263,50
1533,215,23,194,5
1534,215,23,263,50
1535,215,24,194,5
1536,215,24,263,50
1537,215,28,194,5
1538,215,29,194,5
1539,216,10,132,50
1540,216,10,135,5
1541,216,11,132,50
1542,216,11,135,5
1543,217,10,132,50
1544,217,10,135,5
1545,217,11,132,50
1546,217,11,135,5
1547,220,10,130,50
1548,220,11,130,50
1549,221,10,130,50
1550,221,10,223,5
1551,221,11,130,50
1552,221,11,223,5
1553,222,7,72,5
1554,222,8,72,5
1555,222,9,72,5
1556,222,10,72,5
1557,222,11,72,5
1558,222,12,215,5
1559,222,13,215,5
1560,222,14,215,5
1561,222,15,215,5
1562,222,16,215,5
1563,222,17,215,5
1564,222,18,215,5
1565,222,21,215,5
1566,222,22,215,5
1567,222,23,215,5
1568,222,24,215,5
1569,222,28,688,5
1570,222,29,688,5
1571,227,10,221,5
1572,227,11,221,5
1573,227,28,210,5
1574,227,29,210,5
1575,230,7,212,5
1576,230,8,212,5
1577,230,9,212,5
1578,230,10,212,5
1579,230,11,212,5
1580,230,12,212,5
1581,230,13,212,5
1582,230,14,212,5
1583,230,15,212,5
1584,230,16,212,5
1585,230,17,212,5
1586,230,18,212,5
1587,230,21,212,5
1588,230,22,212,5
1589,230,23,212,5
1590,230,24,212,5
1591,230,28,212,5
1592,230,29,212,5
1593,231,12,162,5
1594,231,13,162,5
1595,231,14,162,5
1596,231,15,162,5
1597,231,16,162,5
1598,231,17,162,5
1599,231,18,162,5
1600,231,21,162,5
1601,231,22,162,5
1602,232,12,162,5
1603,232,13,162,5
1604,232,14,162,5
1605,232,15,162,5
1606,232,16,162,5
1607,232,17,162,5
1608,232,18,162,5
1609,232,21,162,5
1610,232,22,162,5
1611,233,10,229,100
1612,233,11,229,100
1613,238,7,130,100
1614,238,8,130,100
1615,238,9,130,100
1616,238,12,130,100
1617,238,13,130,100
1618,238,14,130,100
1619,238,15,130,100
1620,238,16,130,100
1621,238,17,130,100
1622,238,18,130,100
1623,238,21,130,100
1624,238,22,130,100
1625,239,12,299,50
1626,239,13,299,5
1627,239,14,299,50
1628,239,28,299,5
1629,239,29,299,5
1630,240,7,129,100
1631,240,8,129,100
1632,240,9,129,100
1633,240,12,300,5
1634,240,13,300,50
1635,240,14,300,50
1636,240,28,300,5
1637,240,29,300,5
1638,241,7,33,100
1639,241,8,33,100
1640,241,9,33,100
1641,241,10,33,100
1642,241,11,33,100
1643,241,12,33,100
1644,241,13,33,100
1645,241,14,33,100
1646,241,15,33,100
1647,241,16,33,100
1648,241,17,33,100
1649,241,18,33,100
1650,241,21,33,100
1651,241,22,33,100
1652,241,23,33,100
1653,241,24,33,100
1654,241,28,33,5
1655,241,29,33,5
1656,242,7,208,5
1657,242,8,208,5
1658,242,9,208,5
1659,242,10,208,5
1660,242,11,208,5
1661,242,12,110,50
1662,242,12,208,5
1663,242,13,110,50
1664,242,13,208,5
1665,242,14,110,50
1666,242,14,208,5
1667,242,15,110,50
1668,242,15,208,5
1669,242,16,110,50
1670,242,16,208,5
1671,242,17,208,100
1672,242,18,208,100
1673,242,21,208,100
1674,242,22,208,100
1675,242,23,208,100
1676,242,24,208,100
1677,242,29,208,5
1678,250,7,44,100
1679,250,8,44,100
1680,250,9,44,100
1681,250,12,44,100
1682,250,13,44,100
1683,250,14,44,100
1684,250,15,44,100
1685,250,16,44,100
1686,250,17,44,100
1687,250,18,44,100
1688,250,21,44,100
1689,250,22,44,100
1690,250,23,44,100
1691,250,24,44,100
1692,250,28,44,5
1693,250,29,44,5
1694,251,7,134,100
1695,251,8,134,100
1696,251,9,134,100
1697,251,10,134,100
1698,251,11,134,100
1699,251,12,134,100
1700,251,13,134,100
1701,251,14,134,100
1702,251,15,134,100
1703,251,16,134,100
1704,251,17,134,100
1705,251,18,134,100
1706,251,21,134,100
1707,251,22,134,100
1708,251,23,134,100
1709,251,24,134,100
1710,251,28,134,5
1711,251,29,134,5
1712,261,7,128,5
1713,261,8,128,5
1714,261,9,128,5
1715,261,10,128,5
1716,261,11,128,5
1717,261,12,128,5
1718,261,13,128,5
1719,261,14,128,5
1720,261,15,128,5
1721,261,16,128,5
1722,261,17,128,5
1723,261,18,128,5
1724,261,21,128,5
1725,261,22,128,5
1726,262,7,128,5
1727,262,8,128,5
1728,262,9,128,5
1729,262,10,128,5
1730,262,11,128,5
1731,262,12,128,5
1732,262,13,128,5
1733,262,14,128,5
1734,262,15,128,5
1735,262,16,128,5
1736,262,17,128,5
1737,262,18,128,5
1738,262,21,128,5
1739,262,22,128,5
1740,263,7,132,5
1741,263,8,132,5
1742,263,9,132,5
1743,263,10,132,5
1744,263,11,132,5
1745,263,12,132,5
1746,263,13,132,5
1747,263,14,132,5
1748,263,15,132,5
1749,263,16,132,5
1750,263,17,132,5
1751,263,18,132,5
1752,263,21,132,5
1753,263,22,132,5
1754,263,28,17,50
1755,263,28,28,5
1756,263,29,17,50
1757,263,29,28,5
1758,264,7,132,50
1759,264,7,135,5
1760,264,8,132,50
1761,264,8,135,5
1762,264,9,132,50
1763,264,9,135,5
1764,264,10,132,50
1765,264,10,135,5
1766,264,11,132,50
1767,264,11,135,5
1768,264,12,132,50
1769,264,12,135,5
1770,264,13,132,50
1771,264,13,135,5
1772,264,14,132,50
1773,264,14,135,5
1774,264,15,132,50
1775,264,15,135,5
1776,264,16,132,50
1777,264,16,135,5
1778,264,17,132,50
1779,264,17,135,5
1780,264,18,132,50
1781,264,18,135,5
1782,264,21,132,50
1783,264,21,135,5
1784,264,22,132,50
1785,264,22,135,5
1786,264,28,17,50
1787,264,28,29,5
1788,264,29,17,50
1789,264,29,29,5
1790,265,28,128,50
1791,265,28,190,5
1792,265,29,128,50
1793,265,29,190,5
1794,267,7,199,5
1795,267,8,199,5
1796,267,9,199,5
1797,267,10,199,5
1798,267,11,199,5
1799,267,12,272,5
1800,267,13,272,5
1801,267,14,272,5
1802,267,15,272,5
1803,267,16,272,5
1804,267,17,272,5
1805,267,18,272,5
1806,267,21,272,5
1807,267,22,272,5
1808,267,23,272,5
1809,267,24,272,5
1810,267,28,272,5
1811,267,29,272,5
1812,269,7,199,5
1813,269,8,199,5
1814,269,9,199,5
1815,269,10,199,5
1816,269,11,199,5
1817,269,12,272,5
1818,269,13,272,5
1819,269,14,272,5
1820,269,15,272,5
1821,269,16,272,5
1822,269,17,272,5
1823,269,18,272,5
1824,269,21,272,5
1825,269,22,272,5
1826,269,23,272,5
1827,269,24,272,5
1828,269,28,272,5
1829,269,29,272,5
1830,270,28,196,5
1831,270,29,196,5
1832,271,28,196,5
1833,271,29,196,5
1834,272,28,196,5
1835,272,29,196,5
1836,273,28,248,5
1837,273,29,248,5
1838,274,28,248,5
1839,274,29,248,5
1840,275,28,248,5
1841,275,29,248,5
1842,276,12,172,5
1843,276,13,172,5
1844,276,14,172,5
1845,276,15,172,5
1846,276,16,172,5
1847,276,17,172,5
1848,276,18,172,5
1849,276,21,172,5
1850,276,22,172,5
1851,277,12,172,5
1852,277,13,172,5
1853,277,14,172,5
1854,277,15,172,5
1855,277,16,172,5
1856,277,17,172,5
1857,277,18,172,5
1858,277,21,172,5
1859,277,22,172,5
1860,278,28,612,50
1861,278,29,612,50
1862,279,28,612,50
1863,279,29,612,50
1864,283,28,94,50
1865,283,29,94,50
1866,284,7,199,5
1867,284,8,199,5
1868,284,9,199,5
1869,284,10,199,5
1870,284,11,199,5
1871,284,12,199,5
1872,284,13,199,5
1873,284,14,199,5
1874,284,15,199,5
1875,284,16,199,5
1876,284,17,199,5
1877,284,18,199,5
1878,284,21,199,5
1879,284,22,199,5
1880,284,23,199,5
1881,284,24,199,5
1882,284,28,199,5
1883,284,29,199,5
1884,285,12,167,5
1885,285,13,167,5
1886,285,14,167,5
1887,285,15,167,5
1888,285,16,167,5
1889,285,17,167,5
1890,285,18,167,5
1891,285,21,167,5
1892,285,22,167,5
1893,285,28,86,50
1894,285,28,87,5
1895,285,29,86,50
1896,285,29,87,5
1897,286,12,167,5
1898,286,13,167,5
1899,286,14,167,5
1900,286,15,167,5
1901,286,16,167,5
1902,286,17,167,5
1903,286,18,167,5
1904,286,21,167,5
1905,286,22,167,5
1906,286,28,86,50
1907,286,28,87,5
1908,286,29,86,50
1909,286,29,87,5
1910,290,28,214,5
1911,290,29,214,5
1912,293,7,127,5
1913,293,8,127,5
1914,293,9,127,5
1915,293,10,127,5
1916,293,11,127,5
1917,293,12,127,5
1918,293,13,127,5
1919,293,14,127,5
1920,293,15,127,5
1921,293,16,127,5
1922,293,17,127,5
1923,293,18,127,5
1924,293,21,127,5
1925,293,22,127,5
1926,294,7,127,5
1927,294,8,127,5
1928,294,9,127,5
1929,294,10,127,5
1930,294,11,127,5
1931,294,12,127,5
1932,294,13,127,5
1933,294,14,127,5
1934,294,15,127,5
1935,294,16,127,5
1936,294,17,127,5
1937,294,18,127,5
1938,294,21,127,5
1939,294,22,127,5
1940,295,7,127,5
1941,295,8,127,5
1942,295,9,127,5
1943,295,10,127,5
1944,295,11,127,5
1945,295,12,127,5
1946,295,13,127,5
1947,295,14,127,5
1948,295,15,127,5
1949,295,16,127,5
1950,295,17,127,5
1951,295,18,127,5
1952,295,21,127,5
1953,295,22,127,5
1954,296,28,218,5
1955,296,29,218,5
1956,297,7,198,5
1957,297,8,198,5
1958,297,9,198,5
1959,297,10,198,5
1960,297,11,198,5
1961,297,12,198,5
1962,297,13,198,5
1963,297,14,198,5
1964,297,15,198,5
1965,297,16,198,5
1966,297,17,198,5
1967,297,18,198,5
1968,297,21,198,5
1969,297,22,198,5
1970,297,23,198,5
1971,297,24,198,5
1972,297,28,198,5
1973,297,29,198,5
1974,299,12,215,5
1975,299,13,215,5
1976,299,14,215,5
1977,299,15,215,5
1978,299,16,215,5
1979,299,17,215,5
1980,299,18,215,5
1981,299,21,215,5
1982,299,22,215,5
1983,299,23,215,5
1984,299,24,215,5
1985,299,28,219,5
1986,299,29,219,5
1987,300,7,131,5
1988,300,8,131,5
1989,300,9,131,5
1990,300,10,131,5
1991,300,11,131,5
1992,300,12,131,5
1993,300,13,131,5
1994,300,14,131,5
1995,300,15,131,5
1996,300,16,131,5
1997,300,17,131,5
1998,300,18,131,5
1999,300,21,128,50
2000,300,22,128,50
2001,301,7,131,5
2002,301,8,131,5
2003,301,9,131,5
2004,301,10,131,5
2005,301,11,131,5
2006,301,12,131,5
2007,301,13,131,5
2008,301,14,131,5
2009,301,15,131,5
2010,301,16,131,5
2011,301,17,131,5
2012,301,18,131,5
2013,301,21,128,50
2014,301,22,128,50
2015,302,28,242,5
2016,302,29,242,5
2017,303,12,161,5
2018,303,13,161,5
2019,303,14,161,5
2020,303,15,161,5
2021,303,16,161,5
2022,303,17,161,5
2023,303,18,161,5
2024,303,21,161,5
2025,303,22,161,5
2026,303,28,255,5
2027,303,29,255,5
2028,304,7,215,5
2029,304,8,215,5
2030,304,9,215,5
2031,304,10,215,5
2032,304,11,215,5
2033,304,12,215,5
2034,304,13,215,5
2035,304,14,215,5
2036,304,15,215,5
2037,304,16,215,5
2038,304,17,215,5
2039,304,18,215,5
2040,304,21,215,5
2041,304,22,215,5
2042,304,23,215,5
2043,304,24,215,5
2044,304,28,215,5
2045,304,29,215,5
2046,305,7,215,5
2047,305,8,215,5
2048,305,9,215,5
2049,305,10,215,5
2050,305,11,215,5
2051,305,12,215,5
2052,305,13,215,5
2053,305,14,215,5
2054,305,15,215,5
2055,305,16,215,5
2056,305,17,215,5
2057,305,18,215,5
2058,305,21,215,5
2059,305,22,215,5
2060,305,23,215,5
2061,305,24,215,5
2062,305,28,215,5
2063,305,29,215,5
2064,306,7,215,5
2065,306,8,215,5
2066,306,9,215,5
2067,306,10,215,5
2068,306,11,215,5
2069,306,12,215,5
2070,306,13,215,5
2071,306,14,215,5
2072,306,15,215,5
2073,306,16,215,5
2074,306,17,215,5
2075,306,18,215,5
2076,306,21,215,5
2077,306,22,215,5
2078,306,23,215,5
2079,306,24,215,5
2080,306,28,215,5
2081,306,29,215,5
2082,311,28,589,5
2083,311,29,589,5
2084,312,28,589,5
2085,312,29,589,5
2086,313,28,190,5
2087,313,29,190,5
2088,314,28,190,5
2089,314,29,190,5
2090,315,7,222,5
2091,315,8,222,5
2092,315,9,222,5
2093,315,10,222,5
2094,315,11,222,5
2095,315,12,222,5
2096,315,13,222,5
2097,315,14,222,5
2098,315,15,222,5
2099,315,16,222,5
2100,315,17,222,5
2101,315,18,222,5
2102,315,21,222,5
2103,315,21,588,1
2104,315,22,222,5
2105,315,22,588,1
2106,315,23,222,5
2107,315,24,222,5
2108,315,28,222,5
2109,315,29,222,5
2110,316,7,89,5
2111,316,8,89,5
2112,316,9,89,5
2113,316,10,89,5
2114,316,11,89,5
2115,316,12,89,5
2116,316,13,89,5
2117,316,14,89,5
2118,316,15,89,5
2119,316,16,89,5
2120,316,17,89,5
2121,316,18,89,5
2122,316,21,89,5
2123,316,22,89,5
2124,316,23,132,5
2125,316,24,132,5
2126,316,28,132,50
2127,316,28,135,5
2128,316,29,132,50
2129,316,29,135,5
2130,317,7,89,5
2131,317,8,89,5
2132,317,9,89,5
2133,317,10,89,5
2134,317,11,89,5
2135,317,12,89,5
2136,317,13,89,5
2137,317,14,89,5
2138,317,15,89,5
2139,317,16,89,5
2140,317,17,89,5
2141,317,18,89,5
2142,317,21,89,5
2143,317,22,89,5
2144,317,23,132,5
2145,317,24,132,5
2146,317,28,132,50
2147,317,28,135,5
2148,317,29,132,50
2149,317,29,135,5
2150,318,12,203,5
2151,318,13,203,5
2152,318,14,203,5
2153,318,15,203,5
2154,318,16,203,5
2155,318,17,203,5
2156,318,18,203,5
2157,318,21,203,5
2158,318,22,203,5
2159,318,23,203,5
2160,318,24,203,5
2161,318,28,203,5
2162,318,29,203,5
2163,319,12,203,5
2164,319,13,203,5
2165,319,14,203,5
2166,319,15,203,5
2167,319,16,203,5
2168,319,17,203,5
2169,319,18,203,5
2170,319,21,203,5
2171,319,22,203,5
2172,319,23,203,5
2173,319,24,203,5
2174,319,28,203,5
2175,319,29,203,5
2176,322,7,129,100
2177,322,8,129,100
2178,322,9,129,100
2179,322,10,129,100
2180,322,11,129,100
2181,322,12,129,100
2182,322,13,129,100
2183,322,14,129,100
2184,322,15,129,100
2185,322,16,129,100
2186,322,17,129,100
2187,322,18,129,100
2188,322,21,129,100
2189,322,22,129,100
2190,323,7,129,100
2191,323,8,129,100
2192,323,9,129,100
2193,323,10,129,100
2194,323,11,129,100
2195,323,12,129,100
2196,323,13,129,100
2197,323,14,129,100
2198,323,15,129,100
2199,323,16,129,100
2200,323,17,129,100
2201,323,18,129,100
2202,323,21,129,100
2203,323,22,129,100
2204,324,23,226,5
2205,324,24,226,5
2206,324,28,226,5
2207,324,29,226,5
2208,325,12,171,5
2209,325,13,171,5
2210,325,14,171,5
2211,325,15,171,5
2212,325,16,171,5
2213,325,17,171,5
2214,325,18,171,5
2215,325,21,133,50
2216,325,22,133,50
2217,326,12,171,5
2218,326,13,171,5
2219,326,14,171,5
2220,326,15,171,5
2221,326,16,171,5
2222,326,17,171,5
2223,326,18,171,5
2224,326,21,133,50
2225,326,22,133,50
2226,327,7,127,5
2227,327,8,127,5
2228,327,9,127,5
2229,327,10,127,5
2230,327,11,127,5
2231,327,12,127,5
2232,327,13,127,5
2233,327,14,127,5
2234,327,15,127,5
2235,327,16,127,5
2236,327,17,127,5
2237,327,18,127,5
2238,327,21,127,5
2239,327,22,127,5
2240,328,7,214,5
2241,328,8,214,5
2242,328,9,214,5
2243,328,10,214,5
2244,328,11,214,5
2245,328,12,214,5
2246,328,13,214,5
2247,328,14,214,5
2248,328,15,214,5
2249,328,16,214,5
2250,328,17,214,5
2251,328,18,214,5
2252,328,21,214,5
2253,328,22,214,5
2254,328,23,214,5
2255,328,24,214,5
2256,328,28,214,5
2257,328,29,214,5
2258,331,7,222,5
2259,331,8,222,5
2260,331,9,222,5
2261,331,10,222,5
2262,331,11,222,5
2263,331,12,265,5
2264,331,13,265,5
2265,331,14,265,5
2266,331,15,265,5
2267,331,16,265,5
2268,331,17,265,5
2269,331,18,265,5
2270,331,21,265,5
2271,331,22,265,5
2272,331,23,265,5
2273,331,24,265,5
2274,331,28,265,5
2275,331,29,265,5
2276,332,7,222,5
2277,332,8,222,5
2278,332,9,222,5
2279,332,10,222,5
2280,332,11,222,5
2281,332,12,265,5
2282,332,13,265,5
2283,332,14,265,5
2284,332,15,265,5
2285,332,16,265,5
2286,332,17,265,5
2287,332,18,265,5
2288,332,21,265,5
2289,332,22,265,5
2290,332,23,265,5
2291,332,24,265,5
2292,332,28,265,5
2293,332,29,265,5
2294,335,12,194,5
2295,335,13,194,5
2296,335,14,194,5
2297,335,15,194,5
2298,335,16,194,5
2299,335,17,194,5
2300,335,18,194,5
2301,335,21,194,5
2302,335,22,194,5
2303,335,23,194,5
2304,335,24,194,5
2305,335,28,194,5
2306,335,29,194,5
2307,336,23,133,100
2308,336,24,133,100
2309,336,28,272,5
2310,336,29,272,5
2311,337,7,81,5
2312,337,8,81,5
2313,337,9,81,5
2314,337,10,81,5
2315,337,11,81,5
2316,337,12,81,5
2317,337,13,81,5
2318,337,14,81,5
2319,337,15,81,5
2320,337,16,81,5
2321,337,17,81,5
2322,337,17,624,1
2323,337,18,81,5
2324,337,18,624,1
2325,337,21,81,5
2326,337,21,624,1
2327,337,22,81,5
2328,337,22,624,1
2329,337,23,81,5
2330,337,24,81,5
2331,337,28,81,5
2332,337,28,90,50
2333,337,29,81,5
2334,337,29,90,50
2335,338,7,80,5
2336,338,8,80,5
2337,338,9,80,5
2338,338,10,80,5
2339,338,11,80,5
2340,338,12,80,5
2341,338,13,80,5
2342,338,14,80,5
2343,338,15,80,5
2344,338,16,80,5
2345,338,17,80,5
2346,338,17,624,1
2347,338,18,80,5
2348,338,18,624,1
2349,338,21,80,5
2350,338,21,624,1
2351,338,22,80,5
2352,338,22,624,1
2353,338,23,80,5
2354,338,24,80,5
2355,338,28,80,5
2356,338,28,90,50
2357,338,29,80,5
2358,338,29,90,50
2359,343,28,246,5
2360,343,29,246,5
2361,344,28,246,5
2362,344,29,246,5
2363,345,12,273,5
2364,345,13,273,5
2365,345,14,273,5
2366,345,15,273,5
2367,345,16,273,5
2368,345,17,273,5
2369,345,18,273,5
2370,345,21,273,5
2371,345,22,273,5
2372,345,23,273,5
2373,345,24,273,5
2374,345,28,273,5
2375,345,29,273,5
2376,346,12,273,5
2377,346,13,273,5
2378,346,14,273,5
2379,346,15,273,5
2380,346,16,273,5
2381,346,17,273,5
2382,346,18,273,5
2383,346,21,273,5
2384,346,22,273,5
2385,346,23,273,5
2386,346,24,273,5
2387,346,28,273,5
2388,346,29,273,5
2389,351,7,220,100
2390,351,8,220,100
2391,351,9,220,100
2392,351,10,220,100
2393,351,11,220,100
2394,351,12,220,100
2395,351,13,220,100
2396,351,14,220,100
2397,351,15,220,100
2398,351,16,220,100
2399,351,17,220,100
2400,351,18,220,100
2401,351,21,220,100
2402,351,22,220,100
2403,351,23,220,100
2404,351,24,220,100
2405,351,28,220,5
2406,351,29,220,5
2407,352,7,133,5
2408,352,8,133,5
2409,352,9,133,5
2410,352,10,133,5
2411,352,11,133,5
2412,352,12,133,5
2413,352,13,133,5
2414,352,14,133,5
2415,352,15,133,5
2416,352,16,133,5
2417,352,17,133,5
2418,352,18,133,5
2419,352,21,133,5
2420,352,22,133,5
2421,353,7,224,5
2422,353,8,224,5
2423,353,9,224,5
2424,353,10,224,5
2425,353,11,224,5
2426,353,12,224,5
2427,353,13,224,5
2428,353,14,224,5
2429,353,15,224,5
2430,353,16,224,5
2431,353,17,224,5
2432,353,18,224,5
2433,353,21,224,5
2434,353,22,224,5
2435,353,23,224,5
2436,353,24,224,5
2437,353,28,224,5
2438,353,29,224,5
2439,354,7,224,5
2440,354,8,224,5
2441,354,9,224,5
2442,354,10,224,5
2443,354,11,224,5
2444,354,12,224,5
2445,354,13,224,5
2446,354,14,224,5
2447,354,15,224,5
2448,354,16,224,5
2449,354,17,224,5
2450,354,18,224,5
2451,354,21,224,5
2452,354,22,224,5
2453,354,23,224,5
2454,354,24,224,5
2455,354,28,224,5
2456,354,29,224,5
2457,355,7,224,5
2458,355,8,224,5
2459,355,9,224,5
2460,355,10,224,5
2461,355,11,224,5
2462,355,12,173,5
2463,355,13,173,5
2464,355,14,173,5
2465,355,15,173,5
2466,355,16,173,5
2467,355,17,173,5
2468,355,18,173,5
2469,355,21,173,5
2470,355,22,173,5
2471,355,28,224,5
2472,355,29,224,5
2473,356,7,224,5
2474,356,8,224,5
2475,356,9,224,5
2476,356,10,224,5
2477,356,11,224,5
2478,356,12,173,5
2479,356,13,173,5
2480,356,14,173,5
2481,356,15,173,5
2482,356,16,173,5
2483,356,17,173,5
2484,356,18,173,5
2485,356,21,173,5
2486,356,22,173,5
2487,356,28,224,5
2488,356,29,224,5
2489,358,12,175,5
2490,358,13,175,5
2491,358,14,175,5
2492,358,15,175,5
2493,358,16,175,5
2494,358,17,175,5
2495,358,18,175,5
2496,358,21,175,5
2497,358,22,175,5
2498,358,28,201,5
2499,358,29,201,5
2500,361,12,176,5
2501,361,13,176,5
2502,361,14,176,5
2503,361,15,176,5
2504,361,16,176,5
2505,361,17,176,5
2506,361,18,176,5
2507,361,21,176,5
2508,361,22,176,5
2509,361,28,689,5
2510,361,29,689,5
2511,362,7,223,5
2512,362,8,223,5
2513,362,9,223,5
2514,362,10,223,5
2515,362,11,223,5
2516,362,12,176,5
2517,362,13,176,5
2518,362,14,176,5
2519,362,15,176,5
2520,362,16,176,5
2521,362,17,176,5
2522,362,18,176,5
2523,362,21,176,5
2524,362,22,176,5
2525,366,7,73,5
2526,366,8,73,5
2527,366,9,73,5
2528,366,10,73,5
2529,366,11,73,5
2530,366,12,89,5
2531,366,13,89,5
2532,366,14,89,5
2533,366,15,89,5
2534,366,16,89,5
2535,366,17,89,5
2536,366,18,89,5
2537,366,21,89,5
2538,366,22,89,5
2539,366,23,89,5
2540,366,24,89,5
2541,366,28,88,50
2542,366,28,89,5
2543,366,29,88,50
2544,366,29,89,5
2545,367,12,203,5
2546,367,13,203,5
2547,367,14,203,5
2548,367,15,203,5
2549,367,16,203,5
2550,367,17,203,5
2551,367,18,203,5
2552,367,21,203,5
2553,367,22,203,5
2554,367,23,203,5
2555,367,24,203,5
2556,367,28,203,5
2557,367,29,203,5
2558,368,12,204,5
2559,368,13,204,5
2560,368,14,204,5
2561,368,15,204,5
2562,368,16,204,5
2563,368,17,204,5
2564,368,18,204,5
2565,368,21,204,5
2566,368,22,204,5
2567,368,23,204,5
2568,368,24,204,5
2569,368,28,204,5
2570,368,29,204,5
2571,369,7,75,5
2572,369,8,75,5
2573,369,9,75,5
2574,369,10,75,5
2575,369,11,75,5
2576,369,12,204,5
2577,369,13,204,5
2578,369,14,204,5
2579,369,15,204,5
2580,369,16,204,5
2581,369,17,204,5
2582,369,18,204,5
2583,369,21,204,5
2584,369,22,204,5
2585,369,23,204,5
2586,369,24,204,5
2587,369,28,204,5
2588,369,29,204,5
2589,370,7,93,50
2590,370,8,93,50
2591,370,9,93,50
2592,370,10,93,50
2593,370,11,93,50
2594,370,12,93,50
2595,370,13,93,50
2596,370,14,93,50
2597,370,15,93,50
2598,370,16,93,50
2599,370,17,93,50
2600,370,18,93,50
2601,370,21,93,50
2602,370,22,93,50
2603,370,23,93,50
2604,370,24,93,50
2605,370,28,93,50
2606,370,29,93,50
2607,371,7,212,5
2608,371,8,212,5
2609,371,9,212,5
2610,371,10,212,5
2611,371,11,212,5
2612,371,12,227,5
2613,371,13,227,5
2614,371,14,227,5
2615,371,15,227,5
2616,371,16,227,5
2617,371,17,227,5
2618,371,18,227,5
2619,371,21,227,5
2620,371,22,227,5
2621,371,23,227,5
2622,371,24,227,5
2623,371,28,227,5
2624,371,29,227,5
2625,372,7,212,5
2626,372,8,212,5
2627,372,9,212,5
2628,372,10,212,5
2629,372,11,212,5
2630,372,12,227,5
2631,372,13,227,5
2632,372,14,227,5
2633,372,15,227,5
2634,372,16,227,5
2635,372,17,227,5
2636,372,18,227,5
2637,372,21,227,5
2638,372,22,227,5
2639,372,23,227,5
2640,372,24,227,5
2641,372,28,227,5
2642,372,29,227,5
2643,373,7,212,5
2644,373,8,212,5
2645,373,9,212,5
2646,373,10,212,5
2647,373,11,212,5
2648,373,12,227,5
2649,373,13,227,5
2650,373,14,227,5
2651,373,15,227,5
2652,373,16,227,5
2653,373,17,227,5
2654,373,18,227,5
2655,373,21,227,5
2656,373,22,227,5
2657,373,23,227,5
2658,373,24,227,5
2659,373,28,227,5
2660,373,29,227,5
2661,374,7,210,5
2662,374,8,210,5
2663,374,9,210,5
2664,374,10,210,5
2665,374,11,210,5
2666,374,12,210,5
2667,374,13,210,5
2668,374,14,210,5
2669,374,15,210,5
2670,374,16,210,5
2671,374,17,210,5
2672,374,18,210,5
2673,374,21,210,5
2674,374,22,210,5
2675,374,23,210,5
2676,374,24,210,5
2677,374,28,210,5
2678,374,29,210,5
2679,375,7,210,5
2680,375,8,210,5
2681,375,9,210,5
2682,375,10,210,5
2683,375,11,210,5
2684,375,12,210,5
2685,375,13,210,5
2686,375,14,210,5
2687,375,15,210,5
2688,375,16,210,5
2689,375,17,210,5
2690,375,18,210,5
2691,375,21,210,5
2692,375,22,210,5
2693,375,23,210,5
2694,375,24,210,5
2695,375,28,210,5
2696,375,29,210,5
2697,376,7,210,5
2698,376,8,210,5
2699,376,9,210,5
2700,376,10,210,5
2701,376,11,210,5
2702,376,12,210,5
2703,376,13,210,5
2704,376,14,210,5
2705,376,15,210,5
2706,376,16,210,5
2707,376,17,210,5
2708,376,18,210,5
2709,376,21,210,5
2710,376,22,210,5
2711,376,23,210,5
2712,376,24,210,5
2713,376,28,210,5
2714,376,29,210,5
2715,385,7,91,100
2716,385,8,91,100
2717,385,9,91,100
2718,385,10,91,100
2719,385,11,91,100
2720,385,12,91,100
2721,385,13,91,100
2722,385,14,91,100
2723,385,15,91,100
2724,385,16,91,100
2725,385,17,91,100
2726,385,18,91,100
2727,385,21,91,100
2728,385,22,91,100
2729,385,23,91,100
2730,385,24,91,100
2731,385,28,91,5
2732,385,29,91,5
2733,396,12,165,5
2734,396,13,165,5
2735,396,14,165,5
2736,396,15,165,5
2737,396,16,165,5
2738,396,17,165,5
2739,396,18,165,5
2740,396,21,165,5
2741,396,22,165,5
2742,397,12,165,5
2743,397,13,165,5
2744,397,14,165,5
2745,397,15,165,5
2746,397,16,165,5
2747,397,17,165,5
2748,397,18,165,5
2749,397,21,165,5
2750,397,22,165,5
2751,398,12,165,5
2752,398,13,165,5
2753,398,14,165,5
2754,398,15,165,5
2755,398,16,165,5
2756,398,17,165,5
2757,398,18,165,5
2758,398,21,165,5
2759,398,22,165,5
2760,400,12,132,50
2761,400,12,135,5
2762,400,13,132,50
2763,400,13,135,5
2764,400,14,132,50
2765,400,14,135,5
2766,400,15,132,50
2767,400,15,135,5
2768,400,16,132,50
2769,400,16,135,5
2770,400,17,132,50
2771,400,17,135,5
2772,400,18,132,50
2773,400,18,135,5
2774,400,21,132,50
2775,400,21,135,5
2776,400,22,132,50
2777,400,22,135,5
2778,401,12,254,5
2779,401,13,254,5
2780,401,14,254,5
2781,401,15,254,5
2782,401,16,254,5
2783,401,17,254,5
2784,401,18,254,5
2785,401,21,254,5
2786,401,22,254,5
2787,401,23,254,5
2788,401,24,254,5
2789,401,28,254,5
2790,401,29,254,5
2791,402,12,254,5
2792,402,13,254,5
2793,402,14,254,5
2794,402,15,254,5
2795,402,16,254,5
2796,402,17,254,5
2797,402,18,254,5
2798,402,21,254,5
2799,402,22,254,5
2800,402,23,254,5
2801,402,24,254,5
2802,402,28,254,5
2803,402,29,254,5
2804,406,12,222,5
2805,406,13,222,5
2806,406,14,222,5
2807,406,15,222,5
2808,406,16,222,5
2809,406,17,222,5
2810,406,18,222,5
2811,406,21,222,5
2812,406,22,222,5
2813,406,23,222,5
2814,406,24,222,5
2815,406,28,222,5
2816,406,29,222,5
2817,407,12,222,5
2818,407,13,222,5
2819,407,14,222,5
2820,407,15,222,5
2821,407,16,222,5
2822,407,17,222,5
2823,407,18,222,5
2824,407,21,222,5
2825,407,21,588,1
2826,407,22,222,5
2827,407,22,588,1
2828,407,23,222,5
2829,407,24,222,5
2830,407,28,222,5
2831,407,29,222,5
2832,413,12,199,5
2833,413,13,199,5
2834,413,14,199,5
2835,413,15,199,5
2836,413,16,199,5
2837,413,17,199,5
2838,413,18,199,5
2839,413,21,199,5
2840,413,22,199,5
2841,413,23,199,5
2842,413,24,199,5
2843,413,28,199,5
2844,413,29,199,5
2845,414,12,199,5
2846,414,13,199,5
2847,414,14,199,5
2848,414,15,199,5
2849,414,16,199,5
2850,414,17,199,5
2851,414,18,199,5
2852,414,21,199,5
2853,414,22,199,5
2854,414,23,199,5
2855,414,24,199,5
2856,414,28,199,5
2857,414,29,199,5
2858,415,12,94,100
2859,415,13,94,100
2860,415,14,94,100
2861,415,15,94,100
2862,415,16,94,100
2863,415,17,94,100
2864,415,18,94,100
2865,415,21,94,5
2866,415,22,94,5
2867,415,23,94,5
2868,415,24,94,5
2869,415,28,94,5
2870,415,29,94,5
2871,416,12,222,5
2872,416,13,222,5
2873,416,14,222,5
2874,416,15,222,5
2875,416,16,222,5
2876,416,17,222,5
2877,416,18,222,5
2878,416,21,222,5
2879,416,22,222,5
2880,416,23,222,5
2881,416,24,222,5
2882,416,28,222,5
2883,416,29,222,5
2884,418,12,163,5
2885,418,13,163,5
2886,418,14,163,5
2887,418,15,163,5
2888,418,16,163,5
2889,418,17,163,5
2890,418,18,163,5
2891,419,12,163,5
2892,419,13,163,5
2893,419,14,163,5
2894,419,15,163,5
2895,419,16,163,5
2896,419,17,163,5
2897,419,18,163,5
2898,420,12,216,5
2899,420,13,216,5
2900,420,14,216,5
2901,420,15,216,5
2902,420,16,216,5
2903,420,17,216,5
2904,420,18,216,5
2905,420,21,216,5
2906,420,22,216,5
2907,420,23,216,5
2908,420,24,216,5
2909,420,28,216,5
2910,420,29,216,5
2911,421,12,216,5
2912,421,13,216,5
2913,421,14,216,5
2914,421,15,216,5
2915,421,16,216,5
2916,421,17,216,5
2917,421,18,216,5
2918,421,21,216,5
2919,421,22,216,5
2920,421,23,216,5
2921,421,24,216,5
2922,421,28,216,5
2923,421,29,216,5
2924,426,21,584,1
2925,426,22,584,1
2926,427,12,166,5
2927,427,13,166,5
2928,427,14,166,5
2929,427,15,166,5
2930,427,16,166,5
2931,427,17,166,5
2932,427,18,166,5
2933,427,21,128,50
2934,427,22,128,50
2935,428,12,166,5
2936,428,13,166,5
2937,428,14,166,5
2938,428,15,166,5
2939,428,16,166,5
2940,428,17,166,5
2941,428,18,166,5
2942,428,21,128,50
2943,428,22,128,50
2944,431,12,126,5
2945,431,13,126,5
2946,431,14,126,5
2947,431,15,126,5
2948,431,16,126,5
2949,431,17,126,5
2950,431,18,126,5
2951,431,21,126,5
2952,431,22,126,5
2953,432,12,126,5
2954,432,13,126,5
2955,432,14,126,5
2956,432,15,126,5
2957,432,16,126,5
2958,432,17,126,5
2959,432,18,126,5
2960,432,21,126,5
2961,432,22,126,5
2962,433,12,175,5
2963,433,13,175,5
2964,433,14,175,5
2965,433,15,175,5
2966,433,16,175,5
2967,433,17,175,5
2968,433,18,175,5
2969,433,21,175,5
2970,433,22,175,5
2971,433,28,201,5
2972,433,29,201,5
2973,434,12,128,5
2974,434,13,128,5
2975,434,14,128,5
2976,434,15,128,5
2977,434,16,128,5
2978,434,17,128,5
2979,434,18,128,5
2980,434,21,128,5
2981,434,22,128,5
2982,435,12,128,5
2983,435,13,128,5
2984,435,14,128,5
2985,435,15,128,5
2986,435,16,128,5
2987,435,17,128,5
2988,435,18,128,5
2989,435,21,128,5
2990,435,22,128,5
2991,436,12,210,5
2992,436,13,210,5
2993,436,14,210,5
2994,436,15,210,5
2995,436,16,210,5
2996,436,17,210,5
2997,436,18,210,5
2998,436,21,210,5
2999,436,22,210,5
3000,436,23,210,5
3001,436,24,210,5
3002,436,28,210,5
3003,436,29,210,5
3004,437,12,210,5
3005,437,13,210,5
3006,437,14,210,5
3007,437,15,210,5
3008,437,16,210,5
3009,437,17,210,5
3010,437,18,210,5
3011,437,21,210,5
3012,437,22,210,5
3013,437,23,210,5
3014,437,24,210,5
3015,437,28,210,5
3016,437,29,210,5
3017,439,12,131,5
3018,439,13,131,5
3019,439,14,131,5
3020,439,15,131,5
3021,439,16,131,5
3022,439,17,131,5
3023,439,18,131,5
3024,440,12,110,50
3025,440,12,233,5
3026,440,13,110,50
3027,440,13,233,5
3028,440,14,110,50
3029,440,14,233,5
3030,440,15,110,50
3031,440,15,233,5
3032,440,16,110,50
3033,440,16,233,5
3034,440,17,110,50
3035,440,17,208,5
3036,440,18,110,50
3037,440,18,208,5
3038,440,21,110,50
3039,440,21,208,5
3040,440,22,110,50
3041,440,22,208,5
3042,440,23,110,50
3043,440,23,208,5
3044,440,24,110,50
3045,440,24,208,5
3046,440,28,110,50
3047,440,29,110,50
3048,441,12,254,5
3049,441,13,254,5
3050,441,14,254,5
3051,441,15,254,5
3052,441,16,254,5
3053,441,17,254,5
3054,441,18,254,5
3055,441,21,254,5
3056,441,22,254,5
3057,441,23,254,5
3058,441,24,254,5
3059,441,28,254,5
3060,441,29,254,5
3061,443,12,174,5
3062,443,13,174,5
3063,443,14,174,5
3064,443,15,174,5
3065,443,16,174,5
3066,443,17,174,5
3067,443,18,174,5
3068,443,21,174,5
3069,443,22,174,5
3070,444,12,174,5
3071,444,13,174,5
3072,444,14,174,5
3073,444,15,174,5
3074,444,16,174,5
3075,444,17,174,5
3076,444,18,174,5
3077,444,21,174,5
3078,444,22,174,5
3079,445,12,174,5
3080,445,13,174,5
3081,445,14,174,5
3082,445,15,174,5
3083,445,16,174,5
3084,445,17,174,5
3085,445,18,174,5
3086,445,21,174,5
3087,445,22,174,5
3088,446,12,211,100
3089,446,13,211,100
3090,446,14,211,100
3091,446,15,211,100
3092,446,16,211,100
3093,446,17,211,100
3094,446,18,211,100
3095,446,21,211,100
3096,446,22,211,100
3097,446,23,211,100
3098,446,24,211,100
3099,446,28,211,5
3100,446,29,211,5
3101,451,12,222,5
3102,451,13,222,5
3103,451,14,222,5
3104,451,15,222,5
3105,451,16,222,5
3106,451,17,222,5
3107,451,18,222,5
3108,451,21,222,5
3109,451,22,222,5
3110,451,23,222,5
3111,451,24,222,5
3112,451,28,222,5
3113,451,29,222,5
3114,452,12,222,5
3115,452,13,222,5
3116,452,14,222,5
3117,452,15,222,5
3118,452,16,222,5
3119,452,17,222,5
3120,452,18,222,5
3121,452,21,222,5
3122,452,22,222,5
3123,452,23,222,5
3124,452,24,222,5
3125,452,28,222,5
3126,452,29,222,5
3127,453,12,258,5
3128,453,13,258,5
3129,453,14,258,5
3130,453,15,258,5
3131,453,16,258,5
3132,453,17,258,5
3133,453,18,258,5
3134,453,21,258,5
3135,453,22,258,5
3136,453,23,258,5
3137,453,24,258,5
3138,453,28,258,5
3139,453,29,258,5
3140,454,12,258,5
3141,454,13,258,5
3142,454,14,258,5
3143,454,15,258,5
3144,454,16,258,5
3145,454,17,258,5
3146,454,18,258,5
3147,454,21,258,5
3148,454,22,258,5
3149,454,23,258,5
3150,454,24,258,5
3151,454,28,258,5
3152,454,29,258,5
3153,456,12,164,5
3154,456,13,164,5
3155,456,14,164,5
3156,456,15,164,5
3157,456,16,164,5
3158,456,17,164,5
3159,456,18,164,5
3160,456,21,164,5
3161,456,22,164,5
3162,457,12,164,5
3163,457,13,164,5
3164,457,14,164,5
3165,457,15,164,5
3166,457,16,164,5
3167,457,17,164,5
3168,457,18,164,5
3169,457,21,164,5
3170,457,22,164,5
3171,459,12,223,5
3172,459,13,223,5
3173,459,14,223,5
3174,459,15,223,5
3175,459,16,223,5
3176,459,17,223,5
3177,459,18,223,5
3178,459,21,223,5
3179,459,22,223,5
3180,459,23,223,5
3181,459,24,223,5
3182,459,28,223,5
3183,459,29,223,5
3184,460,12,223,5
3185,460,13,223,5
3186,460,14,223,5
3187,460,15,223,5
3188,460,16,223,5
3189,460,17,223,5
3190,460,18,223,5
3191,460,21,223,5
3192,460,22,223,5
3193,460,23,223,5
3194,460,24,223,5
3195,460,28,223,5
3196,460,29,223,5
3197,461,12,194,5
3198,461,12,263,50
3199,461,13,194,5
3200,461,13,263,50
3201,461,14,194,5
3202,461,14,263,50
3203,461,15,194,5
3204,461,15,263,50
3205,461,16,194,5
3206,461,16,263,50
3207,461,17,194,5
3208,461,17,263,50
3209,461,18,194,5
3210,461,18,263,50
3211,461,21,194,5
3212,461,21,263,50
3213,461,22,194,5
3214,461,22,263,50
3215,461,23,194,5
3216,461,23,263,50
3217,461,24,194,5
3218,461,24,263,50
3219,461,28,194,5
3220,461,29,194,5
3221,462,12,210,5
3222,462,13,210,5
3223,462,14,210,5
3224,462,15,210,5
3225,462,16,210,5
3226,462,17,210,5
3227,462,18,210,5
3228,462,21,210,5
3229,462,22,210,5
3230,462,23,210,5
3231,462,24,210,5
3232,462,28,210,5
3233,462,29,210,5
3234,463,12,256,5
3235,463,13,256,5
3236,463,14,256,5
3237,463,15,256,5
3238,463,16,256,5
3239,463,17,256,5
3240,463,18,256,5
3241,463,21,256,5
3242,463,22,256,5
3243,463,23,256,5
3244,463,24,256,5
3245,463,28,256,5
3246,463,29,256,5
3247,466,12,299,50
3248,466,13,299,5
3249,466,14,299,50
3250,466,15,299,5
3251,466,16,299,5
3252,466,17,299,5
3253,466,18,299,5
3254,466,21,299,5
3255,466,22,299,5
3256,466,23,299,5
3257,466,24,299,5
3258,466,28,299,5
3259,466,29,299,5
3260,467,12,300,5
3261,467,13,300,50
3262,467,14,300,50
3263,467,15,300,5
3264,467,16,300,5
3265,467,17,300,5
3266,467,18,300,5
3267,467,21,300,5
3268,467,22,300,5
3269,467,23,300,5
3270,467,24,300,5
3271,467,28,300,5
3272,467,29,300,5
3273,469,12,242,5
3274,469,13,242,5
3275,469,14,242,5
3276,469,15,242,5
3277,469,16,242,5
3278,469,17,242,5
3279,469,18,242,5
3280,469,21,242,5
3281,469,22,242,5
3282,469,23,242,5
3283,469,24,242,5
3284,469,28,242,5
3285,469,29,242,5
3286,476,12,215,5
3287,476,13,215,5
3288,476,14,215,5
3289,476,15,215,5
3290,476,16,215,5
3291,476,17,215,5
3292,476,18,215,5
3293,476,21,215,5
3294,476,22,215,5
3295,476,23,215,5
3296,476,24,215,5
3297,476,28,219,5
3298,476,29,219,5
3299,477,12,173,5
3300,477,13,173,5
3301,477,14,173,5
3302,477,15,173,5
3303,477,16,173,5
3304,477,17,173,5
3305,477,18,173,5
3306,477,21,173,5
3307,477,22,173,5
3308,477,28,224,5
3309,477,29,224,5
3310,478,12,176,5
3311,478,13,176,5
3312,478,14,176,5
3313,478,15,176,5
3314,478,16,176,5
3315,478,17,176,5
3316,478,18,176,5
3317,478,21,176,5
3318,478,22,176,5
3319,492,12,134,100
3320,492,13,134,100
3321,492,14,134,100
3322,492,15,134,100
3323,492,16,134,100
3324,492,17,134,100
3325,492,18,134,100
3326,492,21,134,100
3327,492,22,134,100
3328,492,23,134,100
3329,492,24,134,100
3330,492,28,134,5
3331,492,29,134,5
3332,511,17,132,50
3333,511,17,161,5
3334,511,18,132,50
3335,511,18,161,5
3336,511,21,132,50
3337,511,21,161,5
3338,511,22,132,50
3339,511,22,161,5
3340,512,17,132,50
3341,512,17,161,5
3342,512,18,132,50
3343,512,18,161,5
3344,512,21,132,50
3345,512,21,161,5
3346,512,22,132,50
3347,512,22,161,5
3348,513,17,132,50
3349,513,17,162,5
3350,513,18,132,50
3351,513,18,162,5
3352,513,21,132,50
3353,513,21,162,5
3354,513,22,132,50
3355,513,22,162,5
3356,514,17,132,50
3357,514,17,162,5
3358,514,18,132,50
3359,514,18,162,5
3360,514,21,132,50
3361,514,21,162,5
3362,514,22,132,50
3363,514,22,162,5
3364,515,17,132,50
3365,515,17,164,5
3366,515,18,132,50
3367,515,18,164,5
3368,515,21,132,50
3369,515,21,164,5
3370,515,22,132,50
3371,515,22,164,5
3372,516,17,132,50
3373,516,17,164,5
3374,516,18,132,50
3375,516,18,164,5
3376,516,21,132,50
3377,516,21,164,5
3378,516,22,132,50
3379,516,22,164,5
3380,522,17,126,50
3381,522,18,126,50
3382,522,21,126,50
3383,522,22,126,50
3384,523,17,126,50
3385,523,18,126,50
3386,523,21,126,50
3387,523,22,126,50
3388,524,17,206,50
3389,524,17,215,5
3390,524,18,206,50
3391,524,18,215,5
3392,524,21,206,50
3393,524,21,215,5
3394,524,22,206,50
3395,524,22,215,5
3396,524,23,206,50
3397,524,23,215,5
3398,524,24,206,50
3399,524,24,215,5
3400,524,28,206,50
3401,524,28,215,5
3402,524,29,206,50
3403,524,29,215,5
3404,525,17,206,50
3405,525,17,215,5
3406,525,18,206,50
3407,525,18,215,5
3408,525,21,206,50
3409,525,21,215,5
3410,525,22,206,50
3411,525,22,215,5
3412,525,23,206,50
3413,525,23,215,5
3414,525,24,206,50
3415,525,24,215,5
3416,525,28,206,50
3417,525,28,215,5
3418,525,29,206,50
3419,525,29,215,5
3420,526,17,206,50
3421,526,17,215,5
3422,526,18,206,50
3423,526,18,215,5
3424,526,21,206,50
3425,526,21,215,5
3426,526,22,206,50
3427,526,22,215,5
3428,526,23,206,50
3429,526,23,215,5
3430,526,24,206,50
3431,526,24,215,5
3432,526,28,206,50
3433,526,28,215,5
3434,526,29,206,50
3435,526,29,215,5
3436,531,17,132,50
3437,531,17,135,5
3438,531,18,132,50
3439,531,18,135,5
3440,531,21,132,50
3441,531,21,135,5
3442,531,22,132,50
3443,531,22,135,5
3444,531,23,132,50
3445,531,23,135,5
3446,531,24,132,50
3447,531,24,135,5
3448,531,28,132,50
3449,531,28,135,5
3450,531,29,132,50
3451,531,29,135,5
3452,535,17,133,50
3453,535,18,133,50
3454,535,21,128,50
3455,535,22,128,50
3456,536,17,133,50
3457,536,18,133,50
3458,536,21,128,50
3459,536,22,128,50
3460,537,17,133,50
3461,537,18,133,50
3462,537,21,128,50
3463,537,22,128,50
3464,538,17,218,5
3465,538,17,245,1
3466,538,18,218,5
3467,538,18,245,1
3468,538,21,218,5
3469,538,21,245,1
3470,538,22,218,5
3471,538,22,245,1
3472,538,23,218,5
3473,538,24,218,5
3474,538,28,218,5
3475,538,29,218,5
3476,539,17,218,5
3477,539,17,245,1
3478,539,18,218,5
3479,539,18,245,1
3480,539,21,218,5
3481,539,21,245,1
3482,539,22,218,5
3483,539,22,245,1
3484,539,23,218,5
3485,539,24,218,5
3486,539,28,218,5
3487,539,29,218,5
3488,540,17,196,5
3489,540,18,196,5
3490,540,21,196,5
3491,540,22,196,5
3492,540,23,196,5
3493,540,24,196,5
3494,540,28,196,5
3495,540,29,196,5
3496,541,17,196,5
3497,541,18,196,5
3498,541,21,196,5
3499,541,22,196,5
3500,541,23,196,5
3501,541,24,196,5
3502,541,28,196,5
3503,541,29,196,5
3504,542,17,196,5
3505,542,18,196,5
3506,542,21,196,5
3507,542,22,196,5
3508,542,23,196,5
3509,542,24,196,5
3510,542,28,196,5
3511,542,29,196,5
3512,543,17,128,50
3513,543,17,222,5
3514,543,18,128,50
3515,543,18,222,5
3516,543,21,222,5
3517,543,22,222,5
3518,543,23,222,5
3519,543,24,222,5
3520,543,28,222,5
3521,543,29,222,5
3522,544,17,128,50
3523,544,17,222,5
3524,544,18,128,50
3525,544,18,222,5
3526,544,21,222,5
3527,544,22,222,5
3528,544,23,222,5
3529,544,24,222,5
3530,544,28,222,5
3531,544,29,222,5
3532,545,17,128,50
3533,545,17,222,5
3534,545,18,128,50
3535,545,18,222,5
3536,545,21,222,5
3537,545,22,222,5
3538,545,23,222,5
3539,545,24,222,5
3540,545,28,222,5
3541,545,29,222,5
3542,546,28,588,5
3543,546,29,588,5
3544,547,28,588,5
3545,547,29,588,5
3546,548,28,588,5
3547,548,29,588,5
3548,549,28,588,5
3549,549,29,588,5
3550,550,17,203,5
3551,550,18,203,5
3552,550,21,203,5
3553,550,22,203,5
3554,550,23,203,5
3555,550,24,203,5
3556,550,28,203,5
3557,550,29,203,5
3558,551,28,217,5
3559,551,29,217,5
3560,552,28,217,5
3561,552,29,217,5
3562,553,28,217,50
3563,553,29,217,50
3564,554,17,129,50
3565,554,18,129,50
3566,554,21,129,50
3567,554,22,129,50
3568,555,17,129,50
3569,555,18,129,50
3570,555,21,129,50
3571,555,22,129,50
3572,556,17,216,5
3573,556,18,216,5
3574,556,21,216,5
3575,556,22,216,5
3576,556,23,216,5
3577,556,24,216,5
3578,556,28,216,5
3579,556,29,216,5
3580,557,17,106,1
3581,557,17,215,5
3582,557,18,106,1
3583,557,18,215,5
3584,557,21,106,1
3585,557,21,215,5
3586,557,22,106,1
3587,557,22,215,5
3588,557,23,215,5
3589,557,24,215,5
3590,557,28,215,5
3591,557,29,215,5
3592,558,17,106,1
3593,558,17,215,5
3594,558,18,106,1
3595,558,18,215,5
3596,558,21,106,1
3597,558,21,215,5
3598,558,22,106,1
3599,558,22,215,5
3600,558,23,215,5
3601,558,24,215,5
3602,558,28,215,5
3603,558,29,215,5
3604,559,17,272,5
3605,559,18,272,5
3606,559,21,272,5
3607,559,22,272,5
3608,559,23,272,5
3609,559,24,272,5
3610,559,28,272,5
3611,559,29,272,5
3612,560,17,272,5
3613,560,18,272,5
3614,560,21,272,5
3615,560,22,272,5
3616,560,23,272,5
3617,560,24,272,5
3618,560,28,272,5
3619,560,29,272,5
3620,562,17,224,5
3621,562,18,224,5
3622,562,21,224,5
3623,562,22,224,5
3624,562,23,224,5
3625,562,24,224,5
3626,562,28,224,5
3627,562,29,224,5
3628,563,17,224,5
3629,563,18,224,5
3630,563,21,224,5
3631,563,22,224,5
3632,563,23,224,5
3633,563,24,224,5
3634,563,28,224,5
3635,563,29,224,5
3636,568,17,92,1
3637,568,17,258,5
3638,568,18,92,1
3639,568,18,258,5
3640,568,21,92,1
3641,568,21,258,5
3642,568,22,92,1
3643,568,22,258,5
3644,568,23,258,5
3645,568,24,258,5
3646,568,28,228,5
3647,568,29,228,5
3648,569,17,92,5
3649,569,17,258,50
3650,569,17,622,1
3651,569,18,92,5
3652,569,18,258,50
3653,569,18,622,1
3654,569,21,92,5
3655,569,21,258,50
3656,569,21,622,1
3657,569,22,92,5
3658,569,22,258,50
3659,569,22,622,1
3660,569,23,92,5
3661,569,23,258,50
3662,569,24,92,5
3663,569,24,258,50
3664,569,28,228,50
3665,569,28,258,5
3666,569,29,228,50
3667,569,29,258,5
3668,572,17,127,50
3669,572,18,127,50
3670,572,21,127,50
3671,572,22,127,50
3672,573,17,127,50
3673,573,18,127,50
3674,573,21,127,50
3675,573,22,127,50
3676,574,21,133,50
3677,574,22,133,50
3678,575,21,133,50
3679,575,22,133,50
3680,576,21,133,50
3681,576,22,133,50
3682,577,21,133,50
3683,577,22,133,50
3684,578,21,133,50
3685,578,22,133,50
3686,579,21,133,50
3687,579,22,133,50
3688,582,28,223,5
3689,582,29,223,5
3690,583,28,223,5
3691,583,29,223,5
3692,584,28,223,50
3693,584,29,223,50
3694,587,17,126,100
3695,587,18,126,100
3696,587,21,126,100
3697,587,22,126,100
3698,590,17,86,50
3699,590,17,87,5
3700,590,17,621,1
3701,590,18,86,50
3702,590,18,87,5
3703,590,18,621,1
3704,590,21,86,50
3705,590,21,87,5
3706,590,21,621,1
3707,590,22,86,50
3708,590,22,87,5
3709,590,22,621,1
3710,590,23,86,50
3711,590,23,87,5
3712,590,24,86,50
3713,590,24,87,5
3714,590,28,86,50
3715,590,28,87,5
3716,590,29,86,50
3717,590,29,87,5
3718,591,17,86,50
3719,591,17,87,5
3720,591,17,621,1
3721,591,18,86,50
3722,591,18,87,5
3723,591,18,621,1
3724,591,21,86,50
3725,591,21,87,5
3726,591,21,621,1
3727,591,22,86,50
3728,591,22,87,5
3729,591,22,621,1
3730,591,23,86,50
3731,591,23,87,5
3732,591,24,86,50
3733,591,24,87,5
3734,591,28,86,50
3735,591,28,87,5
3736,591,29,86,50
3737,591,29,87,5
3738,597,17,265,5
3739,597,18,265,5
3740,597,21,265,5
3741,597,22,265,5
3742,597,23,265,5
3743,597,24,265,5
3744,597,28,265,5
3745,597,29,265,5
3746,598,17,265,5
3747,598,18,265,5
3748,598,21,265,5
3749,598,22,265,5
3750,598,23,265,5
3751,598,24,265,5
3752,598,28,265,5
3753,598,29,265,5
3754,613,17,130,50
3755,613,18,130,50
3756,613,21,130,50
3757,613,22,130,50
3758,614,17,130,50
3759,614,18,130,50
3760,614,21,130,50
3761,614,22,130,50
3762,615,17,223,5
3763,615,18,223,5
3764,615,21,223,5
3765,615,22,223,5
3766,615,23,223,5
3767,615,24,223,5
3768,615,28,223,5
3769,615,29,223,5
3770,618,17,214,5
3771,618,18,214,5
3772,618,21,214,5
3773,618,22,214,5
3774,618,23,214,5
3775,618,24,214,5
3776,618,28,214,5
3777,618,29,214,5
3778,621,17,227,5
3779,621,18,227,5
3780,621,21,227,5
3781,621,22,227,5
3782,621,23,227,5
3783,621,24,227,5
3784,621,28,227,5
3785,621,29,227,5
3786,622,17,246,5
3787,622,18,246,5
3788,622,21,246,5
3789,622,22,246,5
3790,622,23,246,5
3791,622,24,246,5
3792,622,28,246,5
3793,622,29,246,5
3794,623,17,246,5
3795,623,18,246,5
3796,623,21,246,5
3797,623,22,246,5
3798,623,23,246,5
3799,623,24,246,5
3800,623,28,246,5
3801,623,29,246,5
3802,631,21,250,1
3803,631,22,250,1
3804,637,17,199,100
3805,637,18,199,100
3806,637,21,199,100
3807,637,22,199,100
3808,637,23,199,100
3809,637,24,199,100
3810,637,28,199,5
3811,637,29,199,5
3812,648,17,91,100
3813,648,18,91,100
3814,648,21,91,100
3815,648,22,91,100
3816,648,23,91,100
3817,648,24,91,100
3818,648,28,91,5
3819,648,29,91,5
3820,674,23,196,5
3821,674,24,196,5
3822,674,28,196,5
3823,674,29,196,5
3824,675,23,196,5
3825,675,24,196,5
3826,675,28,196,5
3827,675,29,196,5
3828,701,23,198,5
3829,701,24,198,5
3830,701,28,198,5
3831,701,29,198,5
3832,704,28,272,5
3833,704,29,272,5
3834,705,28,272,5
3835,705,29,272,5
3836,731,28,132,5
3837,731,29,132,5
3838,732,28,135,5
3839,732,29,135,5
3840,733,28,129,5
3841,733,29,129,5
3842,734,28,128,5
3843,734,29,128,5
3844,735,28,128,5
3845,735,29,128,5
3846,737,28,589,5
3847,737,29,589,5
3848,739,28,130,5
3849,739,29,130,5
3850,740,28,126,5
3851,740,29,126,5
3852,741,28,94,5
3853,741,29,94,5
3854,742,28,94,5
3855,742,29,94,5
3856,743,28,94,5
3857,743,29,94,5
3858,747,28,222,5
3859,747,29,222,5
3860,748,28,222,5
3861,748,29,222,5
3862,749,28,246,5
3863,749,29,246,5
3864,750,28,246,5
3865,750,29,246,5
3866,751,28,220,5
3867,751,29,220,5
3868,752,28,220,5
3869,752,29,220,5
3870,753,28,216,5
3871,753,29,216,5
3872,754,28,216,5
3873,754,29,216,5
3874,755,28,86,50
3875,755,28,87,5
3876,755,29,86,50
3877,755,29,87,5
3878,756,28,86,50
3879,756,28,87,5
3880,756,29,86,50
3881,756,29,87,5
3882,757,28,205,5
3883,757,29,205,5
3884,758,28,205,5
3885,758,29,205,5
3886,761,28,901,5
3887,761,29,901,5
3888,762,28,901,5
3889,762,29,901,5
3890,763,28,901,50
3891,763,29,901,50
3892,764,28,900,5
3893,764,29,900,5
3894,769,28,224,5
3895,769,29,224,5
3896,770,28,224,5
3897,770,29,224,5
3898,774,28,91,5
3899,774,29,91,5
3900,776,28,226,5
3901,776,29,226,5
3902,777,28,898,5
3903,777,29,898,5
3904,778,28,127,5
3905,778,29,127,5
3906,779,28,304,5
3907,779,29,304,5
3908,780,28,133,5
3909,780,29,133,5
3910,782,28,303,5
3911,782,29,303,5
3912,783,28,303,5
3913,783,29,303,5
3914,784,28,303,50
3915,784,29,303,50
3916,10004,12,199,5
3917,10004,13,199,5
3918,10004,14,199,5
3919,10004,15,199,5
3920,10004,16,199,5
3921,10004,17,199,5
3922,10004,18,199,5
3923,10004,21,199,5
3924,10004,22,199,5
3925,10004,23,199,5
3926,10004,24,199,5
3927,10004,28,199,5
3928,10004,29,199,5
3929,10005,12,199,5
3930,10005,13,199,5
3931,10005,14,199,5
3932,10005,15,199,5
3933,10005,16,199,5
3934,10005,17,199,5
3935,10005,18,199,5
3936,10005,21,199,5
3937,10005,22,199,5
3938,10005,23,199,5
3939,10005,24,199,5
3940,10005,28,199,5
3941,10005,29,199,5
3942,10006,14,134,100
3943,10006,15,134,100
3944,10006,16,134,100
3945,10006,17,134,100
3946,10006,18,134,100
3947,10006,21,134,100
3948,10006,22,134,100
3949,10006,23,134,100
3950,10006,24,134,100
3951,10006,28,134,5
3952,10006,29,134,5
3953,10013,7,220,100
3954,10013,8,220,100
3955,10013,9,220,100
3956,10013,10,220,100
3957,10013,11,220,100
3958,10013,12,220,100
3959,10013,13,220,100
3960,10013,14,220,100
3961,10013,15,220,100
3962,10013,16,220,100
3963,10013,17,220,100
3964,10013,18,220,100
3965,10013,21,220,100
3966,10013,22,220,100
3967,10013,23,220,100
3968,10013,24,220,100
3969,10013,28,220,5
3970,10013,29,220,5
3971,10014,7,220,100
3972,10014,8,220,100
3973,10014,9,220,100
3974,10014,10,220,100
3975,10014,11,220,100
3976,10014,12,220,100
3977,10014,13,220,100
3978,10014,14,220,100
3979,10014,15,220,100
3980,10014,16,220,100
3981,10014,17,220,100
3982,10014,18,220,100
3983,10014,21,220,100
3984,10014,22,220,100
3985,10014,23,220,100
3986,10014,24,220,100
3987,10014,28,220,5
3988,10014,29,220,5
3989,10015,7,220,100
3990,10015,8,220,100
3991,10015,9,220,100
3992,10015,10,220,100
3993,10015,11,220,100
3994,10015,12,220,100
3995,10015,13,220,100
3996,10015,14,220,100
3997,10015,15,220,100
3998,10015,16,220,100
3999,10015,17,220,100
4000,10015,18,220,100
4001,10015,21,220,100
4002,10015,22,220,100
4003,10015,23,220,100
4004,10015,24,220,100
4005,10015,28,220,5
4006,10015,29,220,5
4007,10016,17,204,5
4008,10016,18,204,5
4009,10016,21,204,5
4010,10016,22,204,5
4011,10016,23,204,5
4012,10016,24,204,5
4013,10016,28,204,5
4014,10016,29,204,5
4015,10017,17,129,50
4016,10017,18,129,50
4017,10017,21,129,50
4018,10017,22,129,50
4019,10018,17,91,100
4020,10018,18,91,100
4021,10018,21,91,100
4022,10018,22,91,100
4023,10018,23,91,100
4024,10018,24,91,100
4025,10018,28,91,5
4026,10018,29,91,5
4027,10029,23,216,100
4028,10029,24,216,100
4029,10029,28,216,5
4030,10029,29,216,5
4031,10032,23,216,100
4032,10032,24,216,100
4033,10032,28,216,5
4034,10032,29,216,5
4035,10037,23,225,5
4036,10037,24,225,5
4037,10037,28,225,5
4038,10037,29,225,5
4039,10053,23,215,5
4040,10053,24,215,5
4041,10053,28,215,5
4042,10053,29,215,5
4043,10056,23,224,5
4044,10056,24,224,5
4045,10056,28,224,5
4046,10056,29,224,5
4047,10060,23,223,5
4048,10060,24,223,5
4049,10060,28,223,5
4050,10060,29,223,5
4051,10069,28,132,50
4052,10069,28,135,5
4053,10069,29,132,50
4054,10069,29,135,5
4055,10070,28,203,5
4056,10070,29,203,5
4057,10071,28,198,5
4058,10071,29,198,5
4059,10072,28,210,5
4060,10072,29,210,5
4061,10076,28,210,5
4062,10076,29,210,5
4063,10089,28,227,5
4064,10089,29,227,5
4065,10090,28,222,5
4066,10090,29,222,5
4067,10091,28,128,5
4068,10091,29,128,5
4069,10092,28,128,5
4070,10092,29,128,5
4071,10093,28,128,5
4072,10093,29,128,5
4073,10094,28,213,5
4074,10094,29,213,5
4075,10095,28,213,5
4076,10095,29,213,5
4077,10096,28,213,5
4078,10096,29,213,5
4079,10097,28,213,5
4080,10097,29,213,5
4081,10098,28,213,5
4082,10098,29,213,5
4083,10099,28,213,5
4084,10099,29,213,5
4085,10101,28,263,5
4086,10101,29,263,5
4087,10102,28,263,5
4088,10102,29,263,5
4089,10103,28,689,5
4090,10103,29,689,5
4091,10104,28,689,5
4092,10104,29,689,5
4093,10105,28,214,5
4094,10105,29,214,5
4095,10106,28,214,5
4096,10106,29,214,5
4097,10107,28,194,5
4098,10107,29,194,5
4099,10108,28,194,5
4100,10108,29,194,5
4101,10109,28,589,5
4102,10109,29,589,5
4103,10110,28,589,5
4104,10110,29,589,5
4105,10111,28,589,50
4106,10111,29,589,50
4107,10112,28,258,5
4108,10112,29,258,5
4109,10113,28,258,50
4110,10113,29,258,50
4111,10115,28,235,5
4112,10115,29,235,5
4113,10121,28,128,5
4114,10121,29,128,5
4115,10123,28,94,5
4116,10123,29,94,5
4117,10124,28,94,5
4118,10124,29,94,5
4119,10125,28,94,5
4120,10125,29,94,5
4121,10128,28,216,5
4122,10128,29,216,5
4123,10129,28,205,5
4124,10129,29,205,5
4125,10130,28,91,5
4126,10130,29,91,5
4127,10131,28,91,5
4128,10131,29,91,5
4129,10132,28,91,5
4130,10132,29,91,5
4131,10133,28,91,5
4132,10133,29,91,5
4133,10134,28,91,5
4134,10134,29,91,5
4135,10135,28,91,5
4136,10135,29,91,5
4137,10144,28,127,5
4138,10144,29,127,5
4139,10146,28,303,50
4140,10146,29,303,50
4141,10148,29,213,5
4142,10149,29,235,5
4143,10150,29,94,5
4144,10153,29,220,5
4145,10154,29,898,5
